,generations,walltimes,n_reused,unp_rank,workertimes,n_rejected,param_norm,grad_norm,baseline_mu,baseline_sigma,sigma,beta,lr_0,return_min,return_max,return_avg,return_var,return_sum,return_unp,return_val,observations_min,observations_max,observations_avg,observations_var,observations_sum,observations_unp,observations_val
0,0,34.57065296173096,0,16,26.844627857208252,0,32.119095,2.1294777,0.0,0.0,0.05,-5.9914646,1.0,0.0,200.0,47.8,3439.1600000000008,4780.0,120.0,,512,1000,933.2,14481.36,93320,908,
1,1,66.97252058982849,0,3,27.53982138633728,0,32.310562,2.126927,0.0,0.0,0.05,-5.9914646,1.0,0.0,220.0,43.6,3747.0400000000013,4360.0,180.0,,410,1000,935.75,14616.6875,93575,1000,
2,2,100.01968836784363,0,3,28.003798961639404,0,32.73417,2.128917,0.0,0.0,0.05,-5.9914646,1.0,0.0,180.0,59.0,3579.0,5900.0,160.0,,541,1000,939.21,12784.665899999998,93921,979,
3,3,131.5813226699829,0,5,26.47332501411438,0,33.429615,2.128647,0.0,0.0,0.05,-5.9914646,1.0,0.0,220.0,56.2,4245.56,5620.0,160.0,,574,1000,932.53,13271.9491,93253,982,
4,4,163.47101640701294,0,6,26.77908706665039,0,34.41257,2.1276007,0.0,0.0,0.05,-5.9914646,1.0,0.0,220.0,65.2,3748.96,6520.0,160.0,,384,1000,924.83,15788.161100000001,92483,985,
5,5,195.39990615844727,0,4,26.819925546646118,0,35.675262,2.1286144,0.0,0.0,0.05,-5.9914646,1.0,0.0,200.0,75.2,4216.96,7520.0,160.0,,417,1000,918.69,15874.4739,91869,965,
6,6,227.36438751220703,0,10,26.845301389694214,0,37.192585,2.127868,0.0,0.0,0.05,-5.9914646,1.0,0.0,220.0,84.8,4760.96,8480.0,160.0,,440,1000,911.96,19270.198399999997,91196,979,
7,7,259.6437883377075,0,7,27.226863622665405,0,38.92516,2.1281016,0.0,0.0,0.05,-5.9914646,1.0,0.0,200.0,90.0,4644.0,9000.0,160.0,,544,1000,938.44,12472.9664,93844,980,
8,8,292.86821365356445,0,8,28.06924295425415,0,40.841213,2.1287305,0.0,0.0,0.05,-5.9914646,1.0,0.0,240.0,106.0,4132.0,10600.0,160.0,,609,1000,937.1,10489.370000000003,93710,977,
9,9,325.7467041015625,0,6,27.927693605422974,0,42.902744,2.127572,0.0,0.0,0.05,-5.9914646,1.0,0.0,220.0,107.0,4283.0,10700.0,160.0,,634,1000,948.61,8430.9779,94861,975,
10,10,359.47521138191223,0,12,28.69581389427185,0,45.076035,2.1290286,0.0,0.0,0.05,-5.9914646,1.0,0.0,240.0,129.6,3179.839999999999,12960.0,160.0,,608,1000,940.83,9068.9611,94083,990,
11,11,393.0017809867859,0,10,28.263181686401367,0,47.329895,2.1289506,0.0,0.0,0.05,-5.9914646,1.0,0.0,220.0,135.6,2340.6399999999994,13560.0,160.0,,623,1000,950.83,7560.7411,95083,988,
12,12,426.7331690788269,0,7,28.72003436088562,0,49.63881,2.1273167,0.0,0.0,0.05,-5.9914646,1.0,0.0,200.0,137.8,2031.16,13780.0,160.0,,652,1000,955.89,6753.6179,95589,988,
13,13,459.08166670799255,0,5,27.35078477859497,0,51.980534,2.126482,0.0,0.0,0.05,-5.9914646,1.0,0.0,200.0,141.0,1795.0,14100.0,160.0,,439,1000,948.03,9806.4091,94803,974,
14,14,491.6126754283905,0,9,27.574085235595703,0,54.335342,2.128625,0.0,0.0,0.05,-5.9914646,1.0,0.0,220.0,142.2,1703.1599999999996,14220.0,160.0,,459,1000,945.97,8076.349099999999,94597,992,
15,15,525.804815530777,0,10,29.1935453414917,0,56.688934,2.1284485,0.0,0.0,0.05,-5.9914646,1.0,0.0,240.0,144.4,2108.64,14440.0,160.0,,465,1000,960.82,6688.9476,96082,992,
16,16,560.3017649650574,0,7,29.392588138580322,0,59.029236,2.126352,0.0,0.0,0.05,-5.9914646,1.0,0.0,240.0,146.2,1373.56,14620.0,160.0,,667,1000,965.2,4714.92,96520,966,
17,17,594.6997282505035,0,7,29.463233947753906,0,61.344036,2.12641,0.0,0.0,0.05,-5.9914646,1.0,0.0,200.0,153.0,723.0,15300.0,160.0,,648,1000,970.49,3636.969899999999,97049,976,
18,18,628.9381062984467,0,8,29.280491590499878,0,63.628597,2.12818,0.0,0.0,0.05,-5.9914646,1.0,0.0,240.0,152.6,885.2399999999994,15260.0,160.0,,732,1000,968.69,2548.5139,96869,984,
19,19,662.6499092578888,0,15,28.45556879043579,0,65.87589,2.1282706,0.0,0.0,0.05,-5.9914646,1.0,40.0,240.0,154.0,900.0,15400.0,160.0,,616,1000,957.49,6144.1499,95749,982,
20,20,695.9164779186249,0,5,28.180448532104492,0,68.08269,2.1296308,0.0,0.0,0.05,-5.9914646,1.0,0.0,200.0,137.0,2187.0,13700.0,160.0,,651,1000,951.64,6815.6904,95164,990,
21,21,729.8323810100555,0,11,28.918295860290527,0,70.2481,2.127605,0.0,0.0,0.05,-5.9914646,1.0,0.0,220.0,150.6,1211.64,15060.0,160.0,,727,1000,967.72,2982.9015999999997,96772,971,
22,22,764.5033643245697,0,13,29.722692489624023,0,72.36695,2.1288252,0.0,0.0,0.05,-5.9914646,1.0,0.0,240.0,149.0,1379.0,14900.0,160.0,,573,1000,958.52,5314.2296,95852,981,
23,23,799.2357692718506,0,19,29.76576018333435,0,74.43888,2.128735,0.0,0.0,0.05,-5.9914646,1.0,20.0,220.0,156.4,883.04,15640.0,160.0,,739,1000,971.47,2752.7691000000004,97147,979,
24,24,832.9231848716736,0,5,28.5355281829834,0,76.4654,2.1300821,0.0,0.0,0.05,-5.9914646,1.0,0.0,200.0,140.8,1551.3600000000006,14080.0,160.0,,643,1000,950.53,8009.3291,95053,993,
25,25,866.1907777786255,0,12,28.269701719284058,0,78.43835,2.1306186,0.0,0.0,0.05,-5.9914646,1.0,0.0,220.0,143.4,1728.44,14340.0,160.0,,586,1000,957.58,6947.423600000001,95758,972,
26,26,898.8944509029388,0,15,27.74557375907898,0,80.357834,2.129892,0.0,0.0,0.05,-5.9914646,1.0,0.0,240.0,131.4,3154.0400000000013,13140.0,160.0,,447,1000,943.18,12032.847599999996,94318,982,
27,27,932.5875070095062,0,17,28.71083378791809,0,82.227875,2.132042,0.0,0.0,0.05,-5.9914646,1.0,0.0,220.0,134.6,3158.8399999999992,13460.0,160.0,,428,1000,946.74,12687.0324,94674,1000,
28,28,966.52667760849,0,10,28.8334481716156,0,84.0486,2.130388,0.0,0.0,0.05,-5.9914646,1.0,0.0,200.0,123.0,3603.0,12300.0,160.0,,472,1000,954.98,9803.9196,95498,980,
29,29,999.3790190219879,0,10,27.88287901878357,0,85.82039,2.128944,0.0,0.0,0.05,-5.9914646,1.0,0.0,220.0,125.6,3160.64,12560.0,160.0,,549,1000,941.45,10100.127500000002,94145,993,
30,30,1031.772786617279,0,13,27.38957142829895,0,87.541534,2.129432,0.0,0.0,0.05,-5.9914646,1.0,0.0,200.0,129.4,2875.64,12940.0,160.0,,468,1000,932.05,13764.327499999998,93205,1000,
31,31,1065.4377171993256,0,4,28.651976585388184,0,89.21176,2.1314774,0.0,0.0,0.05,-5.9914646,1.0,0.0,220.0,134.4,2560.64,13440.0,180.0,,624,1000,945.19,9116.5539,94519,1000,
32,32,1098.908968925476,0,62,28.462854862213135,0,90.83737,2.1313503,0.0,0.0,0.05,-5.9914646,1.0,0.0,220.0,124.0,3848.0,12400.0,140.0,,463,1000,952.71,9606.4259,95271,1000,
33,33,1132.6722955703735,0,73,28.735641717910767,0,92.416954,2.1292028,0.0,0.0,0.05,-5.9914646,1.0,0.0,240.0,128.4,3953.4399999999996,12840.0,120.0,,558,1000,959.86,9421.500399999999,95986,1000,
34,34,1166.0848343372345,0,15,28.388055324554443,0,93.95304,2.1292696,0.0,0.0,0.05,-5.9914646,1.0,0.0,260.0,128.0,3312.0,12800.0,160.0,,628,1000,949.59,10339.8819,94959,1000,
35,35,1198.7072215080261,0,6,27.69839096069336,0,95.44699,2.1294944,0.0,0.0,0.05,-5.9914646,1.0,0.0,240.0,120.2,4547.959999999999,12020.0,180.0,,437,1000,944.82,14947.9076,94482,1000,
36,36,1231.6882264614105,0,24,27.973174810409546,0,96.89732,2.1290293,0.0,0.0,0.05,-5.9914646,1.0,0.0,220.0,129.6,3667.8399999999992,12960.0,160.0,,500,1000,945.55,11141.2075,94555,1000,
37,37,1263.9347670078278,0,7,26.932929515838623,0,98.305336,2.1303399,0.0,0.0,0.05,-5.9914646,1.0,0.0,320.0,123.8,3789.56,12380.0,160.0,,618,1000,939.82,12836.0676,93982,1000,
38,38,1297.4367091655731,0,12,28.487972736358643,0,99.67478,2.1288817,0.0,0.0,0.05,-5.9914646,1.0,0.0,220.0,125.2,3764.9599999999996,12520.0,160.0,,413,1000,946.35,13931.407500000003,94635,1000,
39,39,1330.7010180950165,0,9,28.25531506538391,0,101.00177,2.131745,0.0,0.0,0.05,-5.9914646,1.0,0.0,240.0,127.2,3444.1600000000008,12720.0,160.0,,486,1000,949.29,12297.245899999998,94929,1000,
40,40,1364.7357873916626,0,22,28.809160947799683,0,102.29026,2.1302967,0.0,0.0,0.05,-5.9914646,1.0,0.0,260.0,137.8,3535.160000000001,13780.0,160.0,,645,1000,959.85,8105.627499999998,95985,1000,
41,41,1398.3452413082123,0,12,28.385690927505493,0,103.543015,2.130297,0.0,0.0,0.05,-5.9914646,1.0,0.0,220.0,143.4,2024.44,14340.0,160.0,,544,1000,970.13,5952.633099999999,97013,1000,
42,42,1430.1211485862732,0,14,26.61485743522644,0,104.755905,2.1300688,0.0,0.0,0.05,-5.9914646,1.0,0.0,280.0,121.8,4184.759999999999,12180.0,160.0,,382,1000,943.91,11047.5019,94391,1000,
43,43,1463.2826135158539,0,20,28.142969846725464,0,105.93493,2.1303754,0.0,0.0,0.05,-5.9914646,1.0,0.0,220.0,137.2,3200.160000000001,13720.0,160.0,,472,1000,964.94,6435.796400000001,96494,1000,
44,44,1497.0867173671722,0,72,28.687004566192627,0,107.077156,2.1297164,0.0,0.0,0.05,-5.9914646,1.0,0.0,240.0,134.8,3180.96,13480.0,120.0,,610,1000,969.65,4341.7075,96965,847,
45,45,1528.7303392887115,0,61,26.881713390350342,0,108.18472,2.1294982,0.0,0.0,0.05,-5.9914646,1.0,0.0,260.0,122.8,3520.1600000000008,12280.0,120.0,,424,1000,928.42,16177.663600000002,92842,855,
46,46,1562.6951971054077,0,20,29.112197399139404,0,109.2584,2.1310523,0.0,0.0,0.05,-5.9914646,1.0,0.0,300.0,149.4,2043.6399999999994,14940.0,160.0,,695,1000,971.41,3256.6818999999996,97141,1000,
47,47,1595.7692720890045,0,64,27.974769592285156,0,110.30209,2.131954,0.0,0.0,0.05,-5.9914646,1.0,0.0,200.0,119.2,4543.36,11920.0,120.0,,397,1000,946.65,14560.2475,94665,1000,
48,48,1628.6893780231476,0,13,27.868317365646362,0,111.315636,2.1299913,0.0,0.0,0.05,-5.9914646,1.0,0.0,220.0,129.6,3307.839999999999,12960.0,160.0,,638,1000,963.7,6423.289999999999,96370,1000,
49,49,1662.3476612567902,0,17,28.590331554412842,0,112.30064,2.1314268,0.0,0.0,0.05,-5.9914646,1.0,0.0,220.0,119.4,4355.64,11940.0,160.0,,444,1000,951.18,9707.2876,95118,1000,
50,50,1696.1605219841003,0,12,28.723976850509644,0,113.25767,2.130381,0.0,0.0,0.05,-5.9914646,1.0,0.0,220.0,113.6,4695.04,11360.0,160.0,,493,1000,971.48,6739.169600000001,97148,1000,
51,51,1729.8834874629974,0,13,28.66368579864502,0,114.18667,2.131409,0.0,0.0,0.05,-5.9914646,1.0,0.0,240.0,112.0,4608.0,11200.0,160.0,,589,1000,961.58,6893.543600000001,96158,1000,
52,52,1763.4193720817566,0,7,28.469710111618042,0,115.08971,2.1329403,0.0,0.0,0.05,-5.9914646,1.0,0.0,240.0,122.2,5111.16,12220.0,180.0,,521,1000,968.27,7320.437099999999,96827,859,
53,53,1796.8768844604492,0,18,28.6102352142334,0,115.97066,2.1307895,0.0,0.0,0.05,-5.9914646,1.0,0.0,240.0,123.6,4755.040000000001,12360.0,160.0,,552,1000,957.99,10278.169900000003,95799,1000,
54,54,1830.4014728069305,0,13,28.397846698760986,0,116.82465,2.1291208,0.0,0.0,0.05,-5.9914646,1.0,0.0,220.0,131.2,3298.5600000000013,13120.0,160.0,,619,1000,959.2,6244.42,95920,1000,
55,55,1863.4170961380005,0,14,27.947081327438354,0,117.65596,2.1310508,0.0,0.0,0.05,-5.9914646,1.0,0.0,240.0,118.6,4162.040000000001,11860.0,160.0,,497,1000,948.38,9191.175599999999,94838,1000,
56,56,1896.5900473594666,0,21,27.800617218017578,0,118.464066,2.1316032,0.0,0.0,0.05,-5.9914646,1.0,0.0,260.0,138.2,3760.76,13820.0,160.0,,471,1000,961.99,9199.1699,96199,1000,
57,57,1929.6500754356384,0,24,27.990968704223633,0,119.25133,2.1282806,0.0,0.0,0.05,-5.9914646,1.0,0.0,260.0,132.2,4615.160000000001,13220.0,160.0,,564,1000,969.98,5725.939599999999,96998,1000,
58,58,1962.785404920578,0,9,28.073960065841675,0,120.01844,2.1306317,0.0,0.0,0.05,-5.9914646,1.0,0.0,260.0,127.8,4375.16,12780.0,180.0,,530,1000,959.63,10706.393099999996,95963,1000,
59,59,1997.4667189121246,0,13,29.618667364120483,0,120.76572,2.1300082,0.0,0.0,0.05,-5.9914646,1.0,0.0,220.0,132.6,3517.240000000001,13260.0,160.0,,651,1000,981.29,3134.3459000000007,98129,1000,
60,60,2032.0855162143707,0,27,29.550946474075317,0,121.49444,2.129211,0.0,0.0,0.05,-5.9914646,1.0,0.0,260.0,153.8,2109.56,15380.0,160.0,,654,1000,979.12,3365.6456000000007,97912,1000,
61,61,2065.707541704178,0,20,28.55616569519043,0,122.20305,2.1297731,0.0,0.0,0.05,-5.9914646,1.0,0.0,240.0,143.6,2971.04,14360.0,160.0,,557,1000,966.03,6810.9291,96603,1000,
62,62,2099.503570795059,0,20,28.7387113571167,0,122.89371,2.130885,0.0,0.0,0.05,-5.9914646,1.0,0.0,220.0,149.0,2211.0,14900.0,160.0,,539,1000,975.78,5819.051600000001,97578,1000,
63,63,2132.6574046611786,0,15,28.096851587295532,0,123.5683,2.1309395,0.0,0.0,0.05,-5.9914646,1.0,0.0,260.0,141.2,2822.56,14120.0,160.0,,622,1000,959.39,8002.537899999997,95939,1000,
64,64,2167.1820244789124,0,23,29.348260164260864,0,124.2262,2.1302605,0.0,0.0,0.05,-5.9914646,1.0,0.0,240.0,154.4,1632.6399999999994,15440.0,160.0,,834,1000,986.96,1553.7384000000006,98696,1000,
65,65,2201.702879190445,0,13,29.51150345802307,0,124.86421,2.1317792,0.0,0.0,0.05,-5.9914646,1.0,0.0,280.0,152.2,3047.1600000000008,15220.0,180.0,,576,1000,983.39,4119.2779,98339,1000,
66,66,2235.185831785202,0,6,28.39710783958435,0,125.485825,2.130431,0.0,0.0,0.05,-5.9914646,1.0,0.0,240.0,147.0,3059.0,14700.0,200.0,,498,1000,959.85,10949.1875,95985,1000,
67,67,2268.73805809021,0,1,28.483835220336914,0,126.08976,2.1304817,0.0,0.0,0.05,-5.9914646,1.0,0.0,240.0,150.0,2364.0,15000.0,240.0,,624,1000,973.54,4736.0084,97354,1000,
68,68,2302.909538269043,0,1,29.103222608566284,0,126.67652,2.1315844,0.0,0.0,0.05,-5.9914646,1.0,0.0,240.0,146.8,2721.7599999999993,14680.0,240.0,,644,1000,978.75,4015.3275,97875,972,
69,69,2337.049811601639,0,2,29.136246919631958,0,127.24821,2.1323977,0.0,0.0,0.05,-5.9914646,1.0,0.0,240.0,148.8,2282.56,14880.0,220.0,,614,1000,969.89,5887.217900000001,96989,920,
70,70,2370.1305692195892,0,86,28.134536266326904,0,127.80471,2.1309445,0.0,0.0,0.05,-5.9914646,1.0,0.0,260.0,147.8,3855.1600000000008,14780.0,80.0,,654,1000,962.02,5244.2396,96202,726,
71,71,2402.774759054184,0,84,28.207066297531128,0,128.34743,2.131541,0.0,0.0,0.05,-5.9914646,1.0,0.0,260.0,140.8,4511.36,14080.0,60.0,,438,1000,967.83,8191.661099999998,96783,769,
72,72,2435.5791323184967,0,88,28.19204878807068,0,128.87592,2.1303935,0.0,0.0,0.05,-5.9914646,1.0,0.0,240.0,143.0,3867.0,14300.0,40.0,,423,1000,969.76,8369.5424,96976,814,
73,73,2468.2434413433075,0,83,27.92740535736084,0,129.38968,2.1301417,0.0,0.0,0.05,-5.9914646,1.0,0.0,280.0,136.0,5304.0,13600.0,20.0,,547,1000,970.92,7876.3935999999985,97092,1000,
74,74,2501.786855697632,0,83,28.029541492462158,0,129.8881,2.1318324,0.0,0.0,0.05,-5.9914646,1.0,0.0,260.0,133.4,4688.44,13340.0,40.0,,542,1000,954.67,9210.021100000002,95467,1000,
75,75,2534.9872930049896,0,75,28.040757179260254,0,130.37556,2.1326926,0.0,0.0,0.05,-5.9914646,1.0,0.0,260.0,118.6,5682.039999999999,11860.0,40.0,,527,1000,944.24,13985.4424,94424,1000,
76,76,2570.1621885299683,0,65,30.016432523727417,0,130.84953,2.1323519,0.0,0.0,0.05,-5.9914646,1.0,0.0,280.0,126.0,6300.0,12600.0,140.0,,645,1000,985.41,2984.441900000001,98541,908,
77,77,2602.8094844818115,0,22,27.644988298416138,0,131.30891,2.1329663,0.0,0.0,0.05,-5.9914646,1.0,0.0,280.0,111.2,6026.559999999999,11120.0,160.0,,481,1000,948.39,13942.857900000003,94839,705,
78,78,2635.6142523288727,0,12,28.440876483917236,0,131.75885,2.1313322,0.0,0.0,0.05,-5.9914646,1.0,0.0,240.0,122.0,5260.0,12200.0,180.0,,569,1000,964.61,8180.3579,96461,744,
79,79,2667.579033136368,0,6,27.526431798934937,0,132.1978,2.1319902,0.0,0.0,0.05,-5.9914646,1.0,0.0,260.0,137.8,4815.160000000001,13780.0,220.0,,402,1000,952.8,14059.180000000004,95280,1000,
80,80,2700.4017000198364,0,8,27.810335397720337,0,132.62796,2.131351,0.0,0.0,0.05,-5.9914646,1.0,0.0,280.0,129.4,5499.64,12940.0,200.0,,541,1000,955.5,11360.29,95550,1000,
81,81,2734.197150707245,0,3,28.5985050201416,0,133.04886,2.134436,0.0,0.0,0.05,-5.9914646,1.0,0.0,240.0,133.0,4675.0,13300.0,220.0,,530,1000,968.28,8329.561599999999,96828,1000,
82,82,2768.161021232605,0,22,28.911911964416504,0,133.45667,2.133112,0.0,0.0,0.05,-5.9914646,1.0,0.0,260.0,142.0,3964.0,14200.0,160.0,,504,1000,978.18,4777.2476,97818,1000,
83,83,2801.8319408893585,0,33,28.497464895248413,0,133.8543,2.1321225,0.0,0.0,0.05,-5.9914646,1.0,0.0,260.0,143.6,4595.040000000001,14360.0,160.0,,573,1000,962.24,8076.8423999999995,96224,1000,
84,84,2835.549556493759,0,28,28.568563222885132,0,134.23547,2.1320832,0.0,0.0,0.05,-5.9914646,1.0,0.0,260.0,130.6,5395.64,13060.0,160.0,,486,1000,966.37,9941.313100000001,96637,1000,
85,85,2869.3011491298676,0,7,28.607890129089355,0,134.60814,2.1326926,0.0,0.0,0.05,-5.9914646,1.0,0.0,260.0,137.4,4093.240000000001,13740.0,200.0,,644,1000,970.34,6582.9244,97034,1000,
86,86,2901.858458518982,0,8,27.537534952163696,0,134.97125,2.13161,0.0,0.0,0.05,-5.9914646,1.0,0.0,300.0,141.4,3882.0400000000013,14140.0,200.0,,517,1000,957.32,9827.8176,95732,1000,
87,87,2935.4510571956635,0,20,28.56528091430664,0,135.3267,2.1325922,0.0,0.0,0.05,-5.9914646,1.0,0.0,240.0,158.8,2046.5599999999997,15880.0,180.0,,640,1000,976.11,5483.3979,97611,1000,
88,88,2969.8439013957977,0,23,29.24337339401245,0,135.67535,2.1318955,0.0,0.0,0.05,-5.9914646,1.0,0.0,280.0,158.2,3232.76,15820.0,180.0,,564,1000,973.78,7147.7716,97378,1000,
89,89,3003.478607416153,0,43,28.55181908607483,0,136.01207,2.133117,0.0,0.0,0.05,-5.9914646,1.0,0.0,260.0,160.8,2527.3599999999997,16080.0,160.0,,494,1000,983.86,5433.7204,98386,1000,
90,90,3037.2340784072876,0,10,28.69250249862671,0,136.33986,2.1312034,0.0,0.0,0.05,-5.9914646,1.0,0.0,260.0,148.4,3633.44,14840.0,200.0,,606,1000,973.57,4735.1651,97357,1000,
91,91,3070.953044652939,0,2,28.65250277519226,0,136.66057,2.1323817,0.0,0.0,0.05,-5.9914646,1.0,0.0,280.0,144.8,4616.959999999999,14480.0,240.0,,698,1000,978.59,3961.8018999999995,97859,1000,
92,92,3104.6443190574646,0,59,28.273146390914917,0,136.9744,2.1312504,0.0,0.0,0.05,-5.9914646,1.0,0.0,260.0,120.4,5631.840000000002,12040.0,120.0,,612,1000,965.23,7634.017100000003,96523,735,
93,93,3136.724672317505,0,9,27.60882067680359,0,137.28354,2.1318648,0.0,0.0,0.05,-5.9914646,1.0,0.0,260.0,148.2,5360.76,14820.0,220.0,,508,1000,967.91,8750.321899999999,96791,1000,
94,94,3169.941564798355,0,11,28.0353741645813,0,137.58757,2.1308658,0.0,0.0,0.05,-5.9914646,1.0,0.0,260.0,127.8,5287.159999999999,12780.0,200.0,,486,1000,969.22,8726.191599999998,96922,1000,
95,95,3203.9338598251343,0,11,28.893514394760132,0,137.88585,2.1318755,0.0,0.0,0.05,-5.9914646,1.0,0.0,260.0,125.6,6024.64,12560.0,200.0,,640,1000,978.6,4189.460000000001,97860,1000,
96,96,3238.2164883613586,0,2,29.207181453704834,0,138.17632,2.1332421,0.0,0.0,0.05,-5.9914646,1.0,0.0,260.0,129.8,5651.960000000003,12980.0,240.0,,651,1000,967.02,6927.419599999997,96702,1000,
97,97,3271.9294064044952,0,10,28.486201524734497,0,138.45842,2.13416,0.0,0.0,0.05,-5.9914646,1.0,0.0,260.0,135.8,5090.36,13580.0,220.0,,503,1000,964.14,8525.500400000003,96414,1000,
98,98,3305.9911618232727,0,3,28.86525535583496,0,138.73302,2.1310115,0.0,0.0,0.05,-5.9914646,1.0,0.0,260.0,139.8,4147.96,13980.0,220.0,,534,1000,972.28,6957.101599999998,97228,1000,
99,99,3340.431310415268,0,2,29.229446411132812,0,139.00151,2.1326125,0.0,0.0,0.05,-5.9914646,1.0,0.0,260.0,134.2,5042.36,13420.0,240.0,,629,1000,974.35,4868.567499999999,97435,1000,
100,100,3375.3143351078033,0,3,29.898940324783325,0,139.2636,2.1337452,0.0,0.0,0.05,-5.9914646,1.0,0.0,260.0,135.6,4868.64,13560.0,220.0,,639,1000,980.02,4112.6796,98002,1000,
101,101,3407.8997070789337,0,17,27.565693378448486,0,139.51854,2.1304104,0.0,0.0,0.05,-5.9914646,1.0,0.0,260.0,142.4,3586.2400000000007,14240.0,180.0,,417,1000,960.58,14241.143600000001,96058,851,
102,102,3441.0735008716583,0,31,28.405059576034546,0,139.76523,2.1329615,0.0,0.0,0.05,-5.9914646,1.0,0.0,240.0,135.6,4876.64,13560.0,160.0,,556,1000,967.56,7828.666400000001,96756,948,
103,103,3474.247330188751,0,37,28.25497317314148,0,140.00778,2.131123,0.0,0.0,0.05,-5.9914646,1.0,0.0,280.0,146.0,4716.0,14600.0,160.0,,545,1000,973.69,6779.373899999998,97369,1000,
104,104,3507.753700017929,0,31,28.483936309814453,0,140.24431,2.1325076,0.0,0.0,0.05,-5.9914646,1.0,0.0,280.0,135.6,5396.64,13560.0,160.0,,464,1000,966.99,8059.9099,96699,1000,
105,105,3541.6409451961517,0,31,28.685181617736816,0,140.47725,2.1322823,0.0,0.0,0.05,-5.9914646,1.0,0.0,280.0,136.6,4920.44,13660.0,160.0,,400,1000,952.37,12662.493100000005,95237,1000,
106,106,3574.760106563568,0,23,28.128285884857178,0,140.7029,2.1310294,0.0,0.0,0.05,-5.9914646,1.0,0.0,240.0,125.2,5268.959999999999,12520.0,160.0,,674,1000,966.92,5560.0736,96692,1000,
107,107,3609.0456717014313,0,28,29.228858470916748,0,140.9204,2.1311781,0.0,0.0,0.05,-5.9914646,1.0,0.0,260.0,134.8,4628.96,13480.0,160.0,,575,1000,964.06,9077.276399999997,96406,1000,
108,108,3642.8719675540924,0,36,28.79898476600647,0,141.13394,2.1337872,0.0,0.0,0.05,-5.9914646,1.0,0.0,280.0,144.8,5232.959999999999,14480.0,160.0,,540,1000,976.57,5737.3051000000005,97657,1000,
109,109,3676.1244027614594,0,19,28.233355283737183,0,141.34093,2.1333208,0.0,0.0,0.05,-5.9914646,1.0,0.0,260.0,143.2,3997.76,14320.0,180.0,,465,1000,955.99,12033.3499,95599,1000,
110,110,3709.846573114395,0,34,28.31929349899292,0,141.54405,2.1320152,0.0,0.0,0.05,-5.9914646,1.0,0.0,260.0,143.6,4731.040000000001,14360.0,160.0,,611,1000,970.64,6077.790399999999,97064,1000,
111,111,3743.3123893737793,0,27,28.45876383781433,0,141.74396,2.130625,0.0,0.0,0.05,-5.9914646,1.0,0.0,260.0,132.4,5350.24,13240.0,160.0,,498,1000,964.53,9300.629100000002,96453,1000,
112,112,3776.7128813266754,0,32,28.38488745689392,0,141.93799,2.1323638,0.0,0.0,0.05,-5.9914646,1.0,0.0,260.0,140.2,5555.960000000001,14020.0,160.0,,464,1000,971.76,9475.6024,97176,1000,
113,113,3809.4860424995422,0,28,27.679251194000244,0,142.12651,2.1326685,0.0,0.0,0.05,-5.9914646,1.0,0.0,240.0,129.6,5555.840000000002,12960.0,160.0,,438,1000,949.94,14229.496399999996,94994,1000,
114,114,3843.231725215912,0,31,28.734559297561646,0,142.31238,2.1329792,0.0,0.0,0.05,-5.9914646,1.0,0.0,260.0,128.4,5857.440000000002,12840.0,160.0,,517,1000,958.77,12543.257100000004,95877,1000,
115,115,3875.8705456256866,0,35,27.620327472686768,0,142.49477,2.132932,0.0,0.0,0.05,-5.9914646,1.0,0.0,400.0,130.8,7579.36,13080.0,160.0,,454,1000,949.74,13791.792399999998,94974,1000,
116,116,3909.379741191864,0,26,28.29267454147339,0,142.67575,2.130314,0.0,0.0,0.05,-5.9914646,1.0,0.0,240.0,122.8,6016.159999999998,12280.0,160.0,,551,1000,971.13,6786.313100000003,97113,1000,
117,117,3943.5644834041595,0,31,28.937283754348755,0,142.85307,2.1298223,0.0,0.0,0.05,-5.9914646,1.0,0.0,300.0,136.4,5507.04,13640.0,160.0,,404,1000,972.75,8068.4475,97275,1000,
118,118,3977.6061582565308,0,22,29.03049874305725,0,143.02843,2.1324658,0.0,0.0,0.05,-5.9914646,1.0,0.0,260.0,122.6,6989.24,12260.0,180.0,,503,1000,970.06,7541.976399999999,97006,1000,
119,119,4010.740774869919,0,22,28.099475383758545,0,143.19832,2.1327899,0.0,0.0,0.05,-5.9914646,1.0,0.0,260.0,108.6,6834.039999999999,10860.0,160.0,,633,1000,959.73,7826.317100000001,95973,1000,
120,120,4045.2535750865936,0,31,29.40416383743286,0,143.36206,2.1323912,0.0,0.0,0.05,-5.9914646,1.0,0.0,260.0,126.0,6356.0,12600.0,160.0,,443,1000,968.68,9796.897600000002,96868,1000,
121,121,4077.8932218551636,0,40,27.724074840545654,0,143.52173,2.1336405,0.0,0.0,0.05,-5.9914646,1.0,0.0,280.0,140.0,5648.0,14000.0,160.0,,483,1000,953.39,11271.417899999999,95339,1000,
122,122,4111.651863574982,0,12,28.83488154411316,0,143.67896,2.1345053,0.0,0.0,0.05,-5.9914646,1.0,0.0,260.0,127.6,6174.24,12760.0,200.0,,404,1000,964.33,10718.2211,96433,1000,
123,123,4144.928266048431,0,11,28.26914405822754,0,143.8313,2.133011,0.0,0.0,0.05,-5.9914646,1.0,0.0,280.0,133.4,5992.440000000002,13340.0,200.0,,498,1000,967.34,9004.0044,96734,940,
124,124,4177.913897752762,0,5,28.00579857826233,0,143.97873,2.1320925,0.0,0.0,0.05,-5.9914646,1.0,0.0,240.0,134.0,5476.0,13400.0,220.0,,509,1000,964.2,8948.18,96420,1000,
125,125,4210.6839826107025,0,1,27.64924430847168,0,144.12173,2.132637,0.0,0.0,0.05,-5.9914646,1.0,0.0,260.0,126.4,6159.04,12640.0,280.0,,499,1000,962.87,9157.273100000002,96287,1000,
126,126,4244.367449998856,0,2,28.543015956878662,0,144.26315,2.1327806,0.0,0.0,0.05,-5.9914646,1.0,0.0,280.0,129.0,6003.0,12900.0,260.0,,550,1000,963.77,8766.677099999999,96377,1000,
127,127,4278.137798786163,0,4,28.751972913742065,0,144.40193,2.1331804,0.0,0.0,0.05,-5.9914646,1.0,0.0,280.0,132.2,6151.159999999999,13220.0,240.0,,503,1000,958.91,8374.5219,95891,1000,
128,128,4311.224631309509,0,2,27.753414392471313,0,144.53926,2.1337469,0.0,0.0,0.05,-5.9914646,1.0,0.0,280.0,118.8,6702.559999999998,11880.0,260.0,,512,1000,949.45,11673.1875,94945,1000,
129,129,4345.1702744960785,0,23,28.750755786895752,0,144.67332,2.131291,0.0,0.0,0.05,-5.9914646,1.0,0.0,260.0,130.6,6459.64,13060.0,180.0,,604,1000,963.12,8053.465599999999,96312,1000,
130,130,4379.268366098404,0,32,28.907109260559082,0,144.80707,2.1340287,0.0,0.0,0.05,-5.9914646,1.0,0.0,260.0,133.6,5463.039999999999,13360.0,160.0,,508,1000,972.72,6123.781599999999,97272,816,
131,131,4412.59092092514,0,6,28.595896005630493,0,144.94038,2.1315625,0.0,0.0,0.05,-5.9914646,1.0,0.0,280.0,133.6,6391.04,13360.0,240.0,,594,1000,964.5,8845.03,96450,1000,
132,132,4444.883308172226,0,9,27.123757123947144,0,145.0716,2.1335542,0.0,0.0,0.05,-5.9914646,1.0,0.0,300.0,134.4,5912.64,13440.0,220.0,,492,1000,958.62,9766.6156,95862,875,
133,133,4477.813176870346,0,19,28.114969730377197,0,145.19882,2.1340537,0.0,0.0,0.05,-5.9914646,1.0,0.0,260.0,120.2,6307.960000000003,12020.0,180.0,,635,1000,963.11,6660.7179,96311,697,
134,134,4511.096440315247,0,9,28.829786777496338,0,145.32265,2.1339407,0.0,0.0,0.05,-5.9914646,1.0,0.0,260.0,139.2,4311.36,13920.0,200.0,,675,1000,974.33,5016.7411,97433,843,
135,135,4544.567579507828,0,2,28.70608377456665,0,145.44482,2.1308746,0.0,0.0,0.05,-5.9914646,1.0,0.0,280.0,121.6,5765.440000000002,12160.0,240.0,,628,1000,970.31,5855.053899999999,97031,926,
136,136,4577.693028211594,0,4,28.13138222694397,0,145.56267,2.1340704,0.0,0.0,0.05,-5.9914646,1.0,0.0,260.0,129.0,6331.0,12900.0,240.0,,604,1000,970.15,7700.247499999998,97015,1000,
137,137,4611.175288200378,0,6,28.238505601882935,0,145.67534,2.1322372,0.0,0.0,0.05,-5.9914646,1.0,0.0,260.0,136.0,4424.0,13600.0,220.0,,646,1000,953.52,9405.609600000002,95352,962,
138,138,4645.162734270096,0,14,28.9499192237854,0,145.78503,2.1336734,0.0,0.0,0.05,-5.9914646,1.0,0.0,260.0,138.6,5466.039999999999,13860.0,200.0,,632,1000,968.7,6267.29,96870,1000,
139,139,4678.853125095367,0,20,28.57751202583313,0,145.88884,2.1328416,0.0,0.0,0.05,-5.9914646,1.0,0.0,260.0,137.8,5175.16,13780.0,180.0,,595,1000,968.15,7318.1675,96815,894,
140,140,4711.472038269043,0,23,27.80243968963623,0,145.99294,2.1323338,0.0,0.0,0.05,-5.9914646,1.0,0.0,280.0,143.2,4445.76,14320.0,180.0,,390,1000,968.45,8232.9675,96845,1000,
141,141,4745.514893054962,0,10,28.878061771392822,0,146.09346,2.1329632,0.0,0.0,0.05,-5.9914646,1.0,0.0,260.0,135.6,4892.64,13560.0,200.0,,581,1000,965.88,6944.565600000001,96588,1000,
142,142,4779.731417894363,0,1,29.063915729522705,0,146.18916,2.1342063,0.0,0.0,0.05,-5.9914646,1.0,0.0,260.0,151.8,3872.76,15180.0,280.0,,726,1000,980.19,3190.9939,98019,1000,
143,143,4813.948901176453,0,18,29.15633201599121,0,146.28175,2.1331754,0.0,0.0,0.05,-5.9914646,1.0,0.0,280.0,152.8,4340.160000000001,15280.0,200.0,,722,1000,979.31,3262.9139000000014,97931,861,
144,144,4847.187546014786,0,1,28.480775833129883,0,146.37004,2.132344,0.0,0.0,0.05,-5.9914646,1.0,0.0,240.0,140.0,4768.0,14000.0,280.0,,625,1000,975.34,5352.5244,97534,1000,
145,145,4881.486127138138,0,1,29.216134786605835,0,146.46236,2.1310356,0.0,0.0,0.05,-5.9914646,1.0,0.0,260.0,155.2,4080.9599999999996,15520.0,260.0,,675,1000,978.08,3996.8735999999994,97808,1000,
146,146,4915.210741996765,0,5,28.247896194458008,0,146.55244,2.1324568,0.0,0.0,0.05,-5.9914646,1.0,0.0,240.0,122.6,5973.24,12260.0,220.0,,624,1000,973.39,5387.597900000001,97339,1000,
147,147,4948.223978281021,0,28,27.85525918006897,0,146.63788,2.1331475,0.0,0.0,0.05,-5.9914646,1.0,0.0,240.0,136.8,3973.759999999999,13680.0,160.0,,423,1000,936.09,18200.501899999996,93609,1000,
148,148,4981.448997020721,0,19,28.154489278793335,0,146.72336,2.1327431,0.0,0.0,0.05,-5.9914646,1.0,0.0,260.0,128.4,5785.440000000002,12840.0,180.0,,467,1000,967.16,7711.7544,96716,1000,
149,149,5015.190910100937,0,12,28.657562017440796,0,146.80711,2.1296687,0.0,0.0,0.05,-5.9914646,1.0,0.0,240.0,144.0,3856.0,14400.0,200.0,,611,1000,971.63,5470.133100000002,97163,1000,
150,150,5049.043502569199,0,15,28.72813367843628,0,146.89021,2.1306648,0.0,0.0,0.05,-5.9914646,1.0,0.0,260.0,145.8,4282.36,14580.0,200.0,,548,1000,955.69,9147.4539,95569,854,
151,151,5082.582900762558,0,14,28.795706510543823,0,146.97037,2.13264,0.0,0.0,0.05,-5.9914646,1.0,0.0,260.0,148.4,3401.44,14840.0,200.0,,635,1000,965.92,6744.5736,96592,1000,
152,152,5115.651567220688,0,33,27.999237060546875,0,147.05058,2.131939,0.0,0.0,0.05,-5.9914646,1.0,0.0,260.0,148.0,3912.0,14800.0,160.0,,590,1000,963.14,7910.600400000001,96314,680,
153,153,5148.513081789017,0,2,28.51059317588806,0,147.12698,2.133814,0.0,0.0,0.05,-5.9914646,1.0,0.0,260.0,136.0,4608.0,13600.0,240.0,,539,1000,975.07,6243.425099999999,97507,1000,
154,154,5183.018214464188,0,12,29.33419418334961,0,147.20131,2.1311312,0.0,0.0,0.05,-5.9914646,1.0,0.0,260.0,154.6,3590.84,15460.0,200.0,,574,1000,983.4,4174.5199999999995,98340,1000,
155,155,5216.730438709259,0,1,28.648618698120117,0,147.2731,2.1328726,0.0,0.0,0.05,-5.9914646,1.0,0.0,240.0,145.4,3870.839999999999,14540.0,240.0,,477,1000,975.83,7183.281099999998,97583,1000,
156,156,5250.196860790253,0,81,28.376280307769775,0,147.34486,2.1328297,0.0,0.0,0.05,-5.9914646,1.0,0.0,240.0,153.8,3293.56,15380.0,120.0,,506,1000,964.22,8850.431600000002,96422,673,
157,157,5282.973845243454,0,10,28.371351957321167,0,147.41443,2.1322622,0.0,0.0,0.05,-5.9914646,1.0,0.0,260.0,145.8,3738.360000000001,14580.0,200.0,,541,1000,973.11,7598.097899999998,97311,1000,
158,158,5317.051917552948,0,14,29.016940355300903,0,147.48425,2.1327639,0.0,0.0,0.05,-5.9914646,1.0,0.0,260.0,156.4,4123.040000000001,15640.0,200.0,,524,1000,972.32,6631.297599999999,97232,1000,
159,159,5350.553746938705,0,6,28.446542263031006,0,147.55194,2.134909,0.0,0.0,0.05,-5.9914646,1.0,0.0,300.0,144.2,4082.36,14420.0,220.0,,475,1000,966.72,9252.6216,96672,1000,
160,160,5383.743017673492,0,14,27.994379997253418,0,147.61742,2.1338284,0.0,0.0,0.05,-5.9914646,1.0,0.0,300.0,152.4,3894.2400000000007,15240.0,200.0,,502,1000,957.45,10692.2275,95745,1000,
161,161,5417.068674087524,0,43,28.230218172073364,0,147.68347,2.1334713,0.0,0.0,0.05,-5.9914646,1.0,0.0,260.0,152.0,4000.0,15200.0,160.0,,574,1000,965.29,6126.945900000002,96529,1000,
162,162,5450.53683423996,0,38,28.367234468460083,0,147.75058,2.131762,0.0,0.0,0.05,-5.9914646,1.0,0.0,260.0,153.8,2437.56,15380.0,160.0,,558,1000,966.34,8028.5244,96634,1000,
163,163,5484.015671491623,0,21,28.38952326774597,0,147.81905,2.1339922,0.0,0.0,0.05,-5.9914646,1.0,0.0,260.0,145.4,4174.839999999999,14540.0,180.0,,482,1000,960.74,9863.0724,96074,1000,
164,164,5517.413809776306,0,23,27.996173620224,0,147.8842,2.1350405,0.0,0.0,0.05,-5.9914646,1.0,0.0,260.0,133.2,3681.759999999999,13320.0,160.0,,560,1000,947.58,11719.463599999995,94758,1000,
165,165,5550.051887512207,0,34,27.522880792617798,0,147.94676,2.1323256,0.0,0.0,0.05,-5.9914646,1.0,0.0,260.0,135.0,5035.0,13500.0,160.0,,440,1000,937.9,18800.069999999992,93790,1000,
166,166,5583.688150405884,0,34,28.474665880203247,0,148.00479,2.133723,0.0,0.0,0.05,-5.9914646,1.0,0.0,220.0,146.0,2996.0,14600.0,160.0,,557,1000,967.16,7369.6143999999995,96716,1000,
167,167,5616.133648395538,0,36,27.38248920440674,0,148.06104,2.133125,0.0,0.0,0.05,-5.9914646,1.0,0.0,280.0,141.0,4283.0,14100.0,160.0,,591,1000,948.74,11611.3724,94874,1000,
168,168,5648.880519628525,0,37,27.579206228256226,0,148.11748,2.131943,0.0,0.0,0.05,-5.9914646,1.0,0.0,260.0,161.2,2454.56,16120.0,160.0,,664,1000,975.37,5226.8130999999985,97537,1000,
169,169,5682.73158121109,0,33,28.77412438392639,0,148.17104,2.131791,0.0,0.0,0.05,-5.9914646,1.0,0.0,280.0,150.6,3643.639999999999,15060.0,160.0,,646,1000,977.82,4600.3876,97782,1000,
170,170,5717.285383224487,0,47,29.446815729141235,0,148.2217,2.1345413,0.0,0.0,0.05,-5.9914646,1.0,0.0,240.0,156.8,3357.7599999999993,15680.0,160.0,,490,1000,984.13,5188.473100000001,98413,1000,
171,171,5750.952611207962,0,42,28.58261728286743,0,148.27342,2.1336057,0.0,0.0,0.05,-5.9914646,1.0,0.0,240.0,151.6,3553.4399999999987,15160.0,160.0,,597,1000,968.6,7088.399999999998,96860,1000,
172,172,5784.317186117172,0,35,28.217772483825684,0,148.32475,2.1351683,0.0,0.0,0.05,-5.9914646,1.0,0.0,260.0,154.2,2650.36,15420.0,160.0,,518,1000,957.34,9317.184400000002,95734,1000,
173,173,5818.577275753021,0,42,29.17972993850708,0,148.37503,2.133694,0.0,0.0,0.05,-5.9914646,1.0,0.0,260.0,154.2,3426.36,15420.0,160.0,,527,1000,970.63,6351.913100000001,97063,1000,
174,174,5853.166563034058,0,36,29.522444486618042,0,148.42235,2.132764,0.0,0.0,0.05,-5.9914646,1.0,0.0,260.0,154.8,2676.96,15480.0,160.0,,603,1000,975.83,5103.9011,97583,1000,
175,175,5886.318029165268,0,35,27.990489959716797,0,148.471,2.1340668,0.0,0.0,0.05,-5.9914646,1.0,0.0,260.0,138.4,4389.44,13840.0,160.0,,525,1000,952.83,11597.5011,95283,1000,
176,176,5920.515955924988,0,32,29.119410276412964,0,148.51546,2.1299784,0.0,0.0,0.05,-5.9914646,1.0,0.0,280.0,140.8,4255.36,14080.0,160.0,,517,1000,959.67,10087.901100000003,95967,1000,
177,177,5952.672609090805,0,38,26.98066020011902,0,148.55684,2.1337934,0.0,0.0,0.05,-5.9914646,1.0,0.0,280.0,137.0,4563.0,13700.0,160.0,,420,1000,956.65,12912.2675,95665,1000,
178,178,5986.255686759949,0,28,28.50939655303955,0,148.59756,2.1354482,0.0,0.0,0.05,-5.9914646,1.0,0.0,260.0,143.8,4117.560000000001,14380.0,180.0,,522,1000,973.75,5638.4675,97375,1000,
179,179,6020.048760652542,0,18,28.72328758239746,0,148.6379,2.132827,0.0,0.0,0.05,-5.9914646,1.0,0.0,280.0,135.8,3482.36,13580.0,180.0,,655,1000,974.83,4876.9811,97483,861,
180,180,6053.83328795433,0,1,29.024003505706787,0,148.67747,2.132581,0.0,0.0,0.05,-5.9914646,1.0,0.0,240.0,130.4,3147.839999999999,13040.0,240.0,,416,1000,965.6,8558.859999999999,96560,1000,
181,181,6087.323020458221,0,3,28.26522731781006,0,148.71591,2.1330864,0.0,0.0,0.05,-5.9914646,1.0,0.0,240.0,134.6,3382.839999999999,13460.0,220.0,,518,1000,974.21,6191.845900000001,97421,1000,
182,182,6121.407427549362,0,20,28.654471158981323,0,148.75258,2.131439,0.0,0.0,0.05,-5.9914646,1.0,0.0,240.0,153.0,2995.0,15300.0,200.0,,594,1000,972.9,5963.210000000003,97290,875,
183,183,6154.6402759552,0,3,28.3710880279541,0,148.79024,2.133063,0.0,0.0,0.05,-5.9914646,1.0,0.0,260.0,145.6,4240.64,14560.0,240.0,,407,1000,977.01,7468.289899999999,97701,1000,
184,184,6188.418070077896,0,10,28.710391521453857,0,148.83028,2.132859,0.0,0.0,0.05,-5.9914646,1.0,0.0,240.0,144.4,3188.64,14440.0,200.0,,500,1000,978.38,4736.9956,97838,1000,
185,185,6223.00700545311,0,47,29.43332576751709,0,148.86931,2.133648,0.0,0.0,0.05,-5.9914646,1.0,0.0,280.0,166.0,2660.0,16600.0,160.0,,472,1000,982.25,4460.9675,98225,1000,
186,186,6256.209491729736,0,37,28.086755514144897,0,148.90752,2.1347384,0.0,0.0,0.05,-5.9914646,1.0,0.0,240.0,151.2,2690.56,15120.0,160.0,,581,1000,971.34,5573.064400000002,97134,1000,
187,187,6290.304482936859,0,41,28.94661593437195,0,148.9444,2.1325262,0.0,0.0,0.05,-5.9914646,1.0,20.0,240.0,158.8,2150.56,15880.0,160.0,,583,1000,979.43,4786.9650999999985,97943,1000,
188,188,6324.859274864197,0,38,29.491089582443237,0,148.98074,2.1335607,0.0,0.0,0.05,-5.9914646,1.0,0.0,240.0,162.2,3399.160000000001,16220.0,180.0,,660,1000,989.15,2116.8875000000003,98915,922,
189,189,6358.680791378021,0,75,28.916833877563477,0,149.0153,2.1334422,0.0,0.0,0.05,-5.9914646,1.0,0.0,240.0,156.8,1901.76,15680.0,140.0,,662,1000,981.58,3382.4035999999996,98158,762,
190,190,6392.185661077499,0,7,28.971294164657593,0,149.04701,2.134247,0.0,0.0,0.05,-5.9914646,1.0,0.0,260.0,160.4,2183.84,16040.0,220.0,,600,1000,985.52,3061.2096,98552,1000,
191,191,6426.776214122772,0,4,29.448259592056274,0,149.08,2.1322966,0.0,0.0,0.05,-5.9914646,1.0,40.0,280.0,159.0,2683.0,15900.0,220.0,,618,1000,982.54,4629.628399999999,98254,1000,
192,192,6460.99774813652,0,6,29.18948721885681,0,149.11177,2.132857,0.0,0.0,0.05,-5.9914646,1.0,0.0,260.0,159.8,2075.960000000001,15980.0,220.0,,691,1000,987.66,2192.5843999999997,98766,1000,
193,193,6495.656992197037,0,1,29.53820252418518,0,149.14136,2.1339984,0.0,0.0,0.05,-5.9914646,1.0,0.0,260.0,150.0,3220.0,15000.0,260.0,,694,1000,985.09,2762.6619000000005,98509,1000,
194,194,6529.441175222397,0,5,28.62370729446411,0,149.16835,2.133097,0.0,0.0,0.05,-5.9914646,1.0,0.0,240.0,156.8,2381.7599999999993,15680.0,220.0,,603,1000,972.37,5637.513099999998,97237,1000,
195,195,6563.0994555950165,0,19,28.643961191177368,0,149.19298,2.1311474,0.0,0.0,0.05,-5.9914646,1.0,0.0,260.0,152.6,3061.2400000000007,15260.0,200.0,,427,1000,985.06,4128.5964,98506,1000,
196,196,6596.545155763626,0,2,28.33932638168335,0,149.21527,2.1352422,0.0,0.0,0.05,-5.9914646,1.0,0.0,260.0,154.4,3096.64,15440.0,240.0,,638,1000,978.48,4117.029600000001,97848,1000,
197,197,6630.225701332092,0,1,28.427402019500732,0,149.23692,2.1338825,0.0,0.0,0.05,-5.9914646,1.0,0.0,260.0,145.8,3698.36,14580.0,260.0,,597,1000,978.79,5429.905900000001,97879,1000,
198,198,6663.935551404953,0,14,28.647294998168945,0,149.26154,2.1345222,0.0,0.0,0.05,-5.9914646,1.0,0.0,260.0,145.6,3792.64,14560.0,200.0,,608,1000,980.85,3829.9474999999993,98085,1000,
199,199,6698.687896490097,0,9,29.505717515945435,0,149.28622,2.1328888,0.0,0.0,0.05,-5.9914646,1.0,0.0,240.0,158.8,2622.56,15880.0,220.0,,601,1000,981.63,3594.053099999999,98163,1000,
200,200,6733.424760341644,0,2,29.307556629180908,0,149.31381,2.1327782,0.0,0.0,0.05,-5.9914646,1.0,0.0,260.0,153.4,3688.4399999999996,15340.0,240.0,,607,1000,975.22,5419.351599999999,97522,1000,
201,201,6767.660239696503,0,1,29.06124448776245,0,149.34183,2.1339834,0.0,0.0,0.05,-5.9914646,1.0,0.0,260.0,158.4,2901.44,15840.0,260.0,,732,1000,974.63,3570.1130999999996,97463,1000,
202,202,6802.13587474823,0,3,29.30072832107544,0,149.36832,2.131663,0.0,0.0,0.05,-5.9914646,1.0,0.0,260.0,157.4,2597.2400000000002,15740.0,240.0,,698,1000,985.08,3233.0535999999997,98508,1000,
203,203,6835.966003417969,0,7,28.676344871520996,0,149.39505,2.134391,0.0,0.0,0.05,-5.9914646,1.0,0.0,260.0,156.4,2435.0399999999995,15640.0,220.0,,566,1000,976.44,5428.166400000001,97644,1000,
204,204,6871.167056560516,0,35,30.13900089263916,0,149.42259,2.1316514,0.0,0.0,0.05,-5.9914646,1.0,0.0,280.0,160.8,3423.36,16080.0,180.0,,759,1000,990.0,1246.38,99000,1000,
205,205,6905.435901880264,0,43,29.197972059249878,0,149.44893,2.1347163,0.0,0.0,0.05,-5.9914646,1.0,0.0,260.0,159.0,3075.0,15900.0,160.0,,686,1000,972.77,5017.6171,97277,1000,
206,206,6940.540930747986,0,4,30.03312349319458,0,149.47296,2.133807,0.0,0.0,0.05,-5.9914646,1.0,40.0,260.0,162.4,2674.24,16240.0,240.0,,814,1000,987.39,1467.9578999999999,98739,1000,
207,207,6975.2163009643555,0,2,29.602665662765503,0,149.49275,2.133694,0.0,0.0,0.05,-5.9914646,1.0,0.0,260.0,157.2,2752.160000000001,15720.0,240.0,,770,1000,988.96,1388.4184000000002,98896,1000,
208,208,7010.2610120773315,0,9,29.979706287384033,0,149.515,2.132538,0.0,0.0,0.05,-5.9914646,1.0,0.0,280.0,171.2,3266.5600000000004,17120.0,240.0,,685,1000,986.38,2794.0155999999993,98638,1000,
209,209,7044.694628715515,0,1,29.359131336212158,0,149.53828,2.134801,0.0,0.0,0.05,-5.9914646,1.0,0.0,280.0,169.8,2699.9599999999987,16980.0,280.0,,768,1000,991.63,1026.3131,99163,1000,
210,210,7078.758847236633,0,1,28.79461431503296,0,149.56567,2.1334128,0.0,0.0,0.05,-5.9914646,1.0,0.0,260.0,155.4,2630.84,15540.0,280.0,,605,1000,983.41,3600.7819000000004,98341,1000,
211,211,7112.511515617371,0,1,28.688522338867188,0,149.59038,2.1328716,0.0,0.0,0.05,-5.9914646,1.0,20.0,240.0,157.0,2691.0,15700.0,240.0,,497,1000,982.85,4795.227499999999,98285,1000,
212,212,7147.2550349235535,0,20,29.677087545394897,0,149.61574,2.1320996,0.0,0.0,0.05,-5.9914646,1.0,0.0,260.0,148.8,2890.56,14880.0,200.0,,533,1000,983.53,3866.6890999999996,98353,1000,
213,213,7181.728189706802,0,19,29.425726175308228,0,149.64014,2.135236,0.0,0.0,0.05,-5.9914646,1.0,20.0,280.0,174.4,2672.64,17440.0,220.0,,627,1000,986.38,2724.6755999999996,98638,1000,
214,214,7216.142434120178,0,3,29.361754655838013,0,149.66295,2.132215,0.0,0.0,0.05,-5.9914646,1.0,0.0,260.0,155.4,2606.84,15540.0,240.0,,653,1000,976.06,4188.356400000001,97606,1000,
215,215,7250.448593616486,0,9,29.244027853012085,0,149.68405,2.134154,0.0,0.0,0.05,-5.9914646,1.0,20.0,260.0,157.0,2475.0,15700.0,220.0,,623,1000,977.41,4252.5419,97741,1000,
216,216,7284.732314825058,0,1,29.218769073486328,0,149.70407,2.1339583,0.0,0.0,0.05,-5.9914646,1.0,0.0,240.0,156.8,2677.76,15680.0,240.0,,692,1000,974.06,3857.1563999999994,97406,1000,
217,217,7319.708769083023,0,11,29.911694049835205,0,149.72551,2.1321342,0.0,0.0,0.05,-5.9914646,1.0,0.0,260.0,158.6,2842.04,15860.0,220.0,,829,1000,995.42,424.76359999999994,99542,1000,
218,218,7354.342450618744,0,7,29.273985624313354,0,149.74649,2.1330366,0.0,0.0,0.05,-5.9914646,1.0,20.0,260.0,167.4,1997.2400000000007,16740.0,220.0,,739,1000,986.1,1913.41,98610,1000,
219,219,7389.455237388611,0,27,30.054235219955444,0,149.76546,2.132804,0.0,0.0,0.05,-5.9914646,1.0,0.0,240.0,157.6,2170.2400000000002,15760.0,180.0,,809,1000,989.57,1092.2250999999999,98957,1000,
220,220,7423.766004562378,0,1,29.25356650352478,0,149.7833,2.1343844,0.0,0.0,0.05,-5.9914646,1.0,60.0,240.0,172.2,2007.1599999999996,17220.0,240.0,,800,1000,990.97,952.5890999999999,99097,1000,
221,221,7458.0630848407745,0,6,29.227635622024536,0,149.80391,2.1328735,0.0,0.0,0.05,-5.9914646,1.0,40.0,260.0,158.4,1941.44,15840.0,220.0,,703,1000,984.84,2276.8944000000006,98484,1000,
222,222,7492.448818206787,0,6,29.328312158584595,0,149.82387,2.1333642,0.0,0.0,0.05,-5.9914646,1.0,100.0,260.0,162.2,1823.16,16220.0,220.0,,718,1000,986.35,1854.4475,98635,1000,
223,223,7527.048983335495,0,1,29.446399688720703,0,149.84163,2.1328413,0.0,0.0,0.05,-5.9914646,1.0,0.0,260.0,159.4,1627.6399999999994,15940.0,260.0,,687,1000,984.44,2069.1464000000005,98444,1000,
224,224,7561.977460861206,0,18,29.83252501487732,0,149.86041,2.134532,0.0,0.0,0.05,-5.9914646,1.0,40.0,260.0,166.4,1815.0399999999997,16640.0,200.0,,930,1000,996.98,120.81959999999998,99698,1000,
225,225,7596.511236906052,0,4,29.37986159324646,0,149.87752,2.1345656,0.0,0.0,0.05,-5.9914646,1.0,20.0,280.0,168.4,2425.44,16840.0,240.0,,656,1000,991.23,1610.4370999999996,99123,1000,
226,226,7631.236905574799,0,2,29.537991523742676,0,149.89417,2.131405,0.0,0.0,0.05,-5.9914646,1.0,0.0,280.0,162.4,2578.2400000000007,16240.0,240.0,,714,1000,985.86,1978.2204000000002,98586,1000,
227,227,7665.715813159943,0,3,29.358391523361206,0,149.90858,2.1320386,0.0,0.0,0.05,-5.9914646,1.0,40.0,260.0,165.0,1971.0,16500.0,240.0,,714,1000,987.1,2035.05,98710,1000,
228,228,7700.427449226379,0,21,29.639028549194336,0,149.92046,2.1304188,0.0,0.0,0.05,-5.9914646,1.0,60.0,260.0,166.0,2180.0,16600.0,200.0,,801,1000,989.73,1275.2971,98973,1000,
229,229,7734.784575223923,0,4,29.211042881011963,0,149.93002,2.1321423,0.0,0.0,0.05,-5.9914646,1.0,80.0,260.0,166.8,2153.7599999999993,16680.0,240.0,,796,1000,991.57,953.6450999999996,99157,1000,
230,230,7769.286570310593,0,19,29.344210624694824,0,149.94037,2.133511,0.0,0.0,0.05,-5.9914646,1.0,100.0,240.0,165.2,1908.96,16520.0,200.0,,642,1000,986.28,3064.521599999999,98628,1000,
231,231,7804.362622261047,0,6,30.021103858947754,0,149.94695,2.1338058,0.0,0.0,0.05,-5.9914646,1.0,60.0,260.0,160.2,2083.9600000000005,16020.0,220.0,,772,1000,990.86,1246.4603999999997,99086,1000,
232,232,7839.011522531509,0,9,29.58030652999878,0,149.9532,2.1334271,0.0,0.0,0.05,-5.9914646,1.0,100.0,260.0,166.4,1863.0399999999995,16640.0,220.0,,685,1000,993.22,1086.9515999999999,99322,1000,
233,233,7874.347383022308,0,1,30.252050399780273,0,149.9542,2.1357076,0.0,0.0,0.05,-5.9914646,1.0,80.0,240.0,174.0,1988.0,17400.0,240.0,,937,1000,998.39,47.93789999999997,99839,1000,
234,234,7909.313959121704,0,44,29.834808588027954,0,149.95381,2.132985,0.0,0.0,0.05,-5.9914646,1.0,80.0,260.0,165.8,1994.36,16580.0,160.0,,678,1000,977.53,4038.1891000000014,97753,951,
235,235,7943.9293820858,0,24,29.55663228034973,0,149.9541,2.1338675,0.0,0.0,0.05,-5.9914646,1.0,100.0,260.0,167.4,2205.2400000000002,16740.0,200.0,,792,1000,989.77,1263.0371,98977,1000,
236,236,7978.655982494354,0,19,29.38516139984131,0,149.95457,2.1334703,0.0,0.0,0.05,-5.9914646,1.0,100.0,240.0,164.6,1758.84,16460.0,200.0,,812,1000,987.71,1439.6259,98771,1000,
237,237,8012.645441532135,0,12,28.96499276161194,0,149.95352,2.1323864,0.0,0.0,0.05,-5.9914646,1.0,100.0,280.0,164.2,2362.3599999999997,16420.0,220.0,,698,1000,984.18,2388.5075999999995,98418,1000,
238,238,8047.481717824936,0,28,29.813586473464966,0,149.9524,2.1326973,0.0,0.0,0.05,-5.9914646,1.0,100.0,260.0,174.6,2062.84,17460.0,200.0,,791,1000,983.57,2105.1450999999997,98357,1000,
239,239,8082.400213479996,0,3,29.836854696273804,0,149.95401,2.1337593,0.0,0.0,0.05,-5.9914646,1.0,100.0,260.0,172.2,1999.16,17220.0,240.0,,717,1000,987.97,2319.2491,98797,1000,
240,240,8116.955327272415,0,8,29.2965829372406,0,149.95464,2.1316252,0.0,0.0,0.05,-5.9914646,1.0,20.0,280.0,161.2,2102.5600000000004,16120.0,220.0,,599,1000,982.82,3094.547600000001,98282,1000,
241,241,8152.223572015762,0,6,30.198326349258423,0,149.95792,2.1344256,0.0,0.0,0.05,-5.9914646,1.0,100.0,240.0,162.4,1578.2400000000007,16240.0,220.0,,702,1000,990.36,1441.2504000000001,99036,1000,
242,242,8186.458381414413,0,13,29.185966730117798,0,149.95982,2.1334536,0.0,0.0,0.05,-5.9914646,1.0,80.0,280.0,165.2,2516.9600000000005,16520.0,220.0,,649,1000,981.52,3281.8496000000014,98152,1000,
243,243,8221.22547197342,0,2,29.750571250915527,0,149.96353,2.1347036,0.0,0.0,0.05,-5.9914646,1.0,100.0,280.0,163.2,2109.7599999999998,16320.0,240.0,,690,1000,984.26,2207.5524,98426,1000,
244,244,8256.04609656334,0,10,29.698376655578613,0,149.96764,2.1329792,0.0,0.0,0.05,-5.9914646,1.0,100.0,260.0,159.2,2383.36,15920.0,220.0,,848,1000,991.48,662.2296000000001,99148,1000,
245,245,8290.239256858826,0,48,29.152958869934082,0,149.97046,2.1313388,0.0,0.0,0.05,-5.9914646,1.0,60.0,260.0,168.6,1898.0399999999995,16860.0,160.0,,718,1000,974.0,3794.86,97400,869,
246,246,8324.316570043564,0,8,29.348365306854248,0,149.97392,2.1317265,0.0,0.0,0.05,-5.9914646,1.0,100.0,280.0,168.2,1944.76,16820.0,220.0,,706,1000,985.57,2122.6651,98557,1000,
247,247,8358.434156417847,0,30,29.09191870689392,0,149.97925,2.135614,0.0,0.0,0.05,-5.9914646,1.0,60.0,240.0,163.4,1840.44,16340.0,180.0,,569,1000,977.2,4237.9800000000005,97720,1000,
248,248,8393.39427447319,0,3,29.952388525009155,0,149.98508,2.13374,0.0,0.0,0.05,-5.9914646,1.0,100.0,260.0,174.8,1740.9600000000003,17480.0,240.0,,891,1000,996.34,220.8644,99634,1000,
249,249,8427.197258472443,0,19,28.78878951072693,0,149.99028,2.1338603,0.0,0.0,0.05,-5.9914646,1.0,60.0,260.0,165.6,2048.64,16560.0,200.0,,524,1000,986.78,3159.5516,98678,1000,
250,250,8460.951593875885,0,20,28.736323833465576,0,149.99507,2.132894,0.0,0.0,0.05,-5.9914646,1.0,60.0,280.0,174.2,1674.3600000000004,17420.0,200.0,,606,1000,985.27,2721.3370999999997,98527,1000,
251,251,8495.35820055008,0,11,29.37123465538025,0,149.99919,2.1336405,0.0,0.0,0.05,-5.9914646,1.0,20.0,260.0,171.6,2081.44,17160.0,220.0,,783,1000,982.1,1950.5500000000006,98210,958,
252,252,8529.623762369156,0,10,29.33052158355713,0,150.00502,2.1338139,0.0,0.0,0.05,-5.9914646,1.0,100.0,260.0,170.2,1707.9600000000005,17020.0,220.0,,757,1000,989.68,1390.8775999999998,98968,1000,
253,253,8563.305247545242,0,1,28.653578281402588,0,150.01369,2.1337194,0.0,0.0,0.05,-5.9914646,1.0,60.0,260.0,174.0,1956.0,17400.0,280.0,,651,1000,969.1,5479.15,96910,1000,
254,254,8597.436654806137,0,32,28.817931413650513,0,150.023,2.1344724,0.0,0.0,0.05,-5.9914646,1.0,20.0,260.0,167.2,1924.16,16720.0,180.0,,680,1000,980.69,3874.3739,98069,1000,
255,255,8631.673430204391,0,11,29.220498085021973,0,150.03137,2.133977,0.0,0.0,0.05,-5.9914646,1.0,0.0,260.0,173.6,2183.0399999999995,17360.0,220.0,,527,1000,979.39,4366.1579,97939,1000,
256,256,8666.292561531067,0,8,29.59259581565857,0,150.03847,2.1335402,0.0,0.0,0.05,-5.9914646,1.0,40.0,260.0,173.6,1415.0399999999995,17360.0,220.0,,751,1000,980.7,3062.61,98070,1000,
257,257,8701.208057165146,0,90,29.86813187599182,0,150.04648,2.1353292,0.0,0.0,0.05,-5.9914646,1.0,20.0,260.0,182.6,1765.2400000000007,18260.0,140.0,,787,1000,983.09,2125.8219000000004,98309,837,
258,258,8734.83565568924,0,1,28.9651460647583,0,150.05504,2.1314096,0.0,0.0,0.05,-5.9914646,1.0,20.0,260.0,174.2,2066.3600000000006,17420.0,260.0,,651,1000,981.24,2723.1824000000006,98124,1000,
259,259,8769.128504753113,0,12,29.262468814849854,0,150.06552,2.1323195,0.0,0.0,0.05,-5.9914646,1.0,20.0,260.0,168.0,2104.0,16800.0,220.0,,559,1000,976.39,5384.137900000001,97639,1000,
260,260,8803.492016077042,0,47,29.353052616119385,0,150.0751,2.1329722,0.0,0.0,0.05,-5.9914646,1.0,40.0,260.0,168.0,2208.0,16800.0,160.0,,650,1000,983.02,2976.5196000000014,98302,934,
261,261,8836.292157888412,0,16,27.92690348625183,0,150.08572,2.133384,0.0,0.0,0.05,-5.9914646,1.0,0.0,260.0,168.6,2122.0399999999995,16860.0,200.0,,653,1000,970.91,4876.2619,97091,1000,
262,262,8871.112064123154,0,80,29.800159215927124,0,150.09215,2.1338544,0.0,0.0,0.05,-5.9914646,1.0,40.0,260.0,175.4,1726.84,17540.0,140.0,,670,1000,982.59,3517.4619000000002,98259,1000,
263,263,8904.983000040054,0,75,28.85678768157959,0,150.09789,2.1322014,0.0,0.0,0.05,-5.9914646,1.0,20.0,260.0,165.0,1795.0,16500.0,140.0,,703,1000,977.46,3494.568399999999,97746,937,
264,264,8938.062730312347,0,32,28.16854977607727,0,150.10567,2.1331394,0.0,0.0,0.05,-5.9914646,1.0,0.0,260.0,158.6,2698.04,15860.0,180.0,,510,1000,973.13,6506.633100000001,97313,1000,
265,265,8971.77615571022,0,24,28.575052976608276,0,150.11337,2.1319118,0.0,0.0,0.05,-5.9914646,1.0,20.0,260.0,164.2,2850.36,16420.0,200.0,,675,1000,977.77,3460.197100000001,97777,1000,
266,266,9006.309351682663,0,20,29.50526189804077,0,150.12137,2.134428,0.0,0.0,0.05,-5.9914646,1.0,0.0,260.0,163.4,2864.44,16340.0,200.0,,577,1000,973.98,5516.279600000002,97398,1000,
267,267,9040.256917953491,0,18,28.91534686088562,0,150.1297,2.1322825,0.0,0.0,0.05,-5.9914646,1.0,20.0,280.0,165.0,2419.0,16500.0,200.0,,737,1000,981.85,2460.3475,98185,1000,
268,268,9072.98586177826,0,9,27.691791772842407,0,150.13675,2.1343517,0.0,0.0,0.05,-5.9914646,1.0,20.0,260.0,156.8,3061.76,15680.0,220.0,,531,1000,969.17,8311.881099999999,96917,1000,
269,269,9106.537595748901,0,3,28.502419233322144,0,150.1428,2.132241,0.0,0.0,0.05,-5.9914646,1.0,0.0,260.0,154.4,2776.64,15440.0,240.0,,633,1000,973.03,5953.3491,97303,1000,
270,270,9139.551163196564,0,21,27.983524322509766,0,150.15045,2.1336734,0.0,0.0,0.05,-5.9914646,1.0,0.0,280.0,166.6,2416.4399999999996,16660.0,200.0,,548,1000,968.26,6696.452400000001,96826,1000,
271,271,9174.243579626083,0,14,29.580049753189087,0,150.16046,2.1347475,0.0,0.0,0.05,-5.9914646,1.0,0.0,260.0,173.0,2211.0,17300.0,220.0,,828,1000,987.86,1408.9603999999997,98786,1000,
272,272,9208.512973070145,0,26,28.89503812789917,0,150.17068,2.1327336,0.0,0.0,0.05,-5.9914646,1.0,0.0,260.0,169.2,2755.36,16920.0,200.0,,505,1000,977.87,5751.6530999999995,97787,1000,
273,273,9241.477628946304,0,75,27.951331853866577,0,150.18051,2.131244,0.0,0.0,0.05,-5.9914646,1.0,0.0,260.0,158.0,2588.0,15800.0,120.0,,671,1000,975.0,5090.84,97500,728,
274,274,9274.824953317642,0,23,28.923484325408936,0,150.19011,2.1316893,0.0,0.0,0.05,-5.9914646,1.0,0.0,260.0,172.8,2124.16,17280.0,200.0,,655,1000,979.16,3993.8344000000006,97916,1000,
275,275,9308.864748954773,0,4,29.02135443687439,0,150.19882,2.1334763,0.0,0.0,0.05,-5.9914646,1.0,80.0,240.0,163.4,1432.44,16340.0,220.0,,659,1000,981.93,2892.405100000001,98193,1000,
276,276,9342.68749332428,0,13,28.716801643371582,0,150.20644,2.1327531,0.0,0.0,0.05,-5.9914646,1.0,60.0,260.0,164.8,2368.9600000000005,16480.0,220.0,,576,1000,984.31,3723.7138999999997,98431,1000,
277,277,9375.615290164948,0,79,27.90433645248413,0,150.21619,2.1340055,0.0,0.0,0.05,-5.9914646,1.0,20.0,260.0,161.6,1805.44,16160.0,120.0,,459,1000,970.96,6562.158400000002,97096,703,
278,278,9409.331465244293,0,28,29.23102307319641,0,150.22633,2.1317775,0.0,0.0,0.05,-5.9914646,1.0,100.0,260.0,180.4,1615.84,18040.0,200.0,,684,1000,985.69,2307.6339000000003,98569,1000,
279,279,9443.963120698929,0,27,29.460591554641724,0,150.23642,2.1337574,0.0,0.0,0.05,-5.9914646,1.0,0.0,260.0,163.6,1987.0399999999995,16360.0,180.0,,795,1000,990.27,1116.1171,99027,950,
280,280,9478.184821367264,0,10,29.1160945892334,0,150.24553,2.133203,0.0,0.0,0.05,-5.9914646,1.0,100.0,260.0,172.2,1847.16,17220.0,220.0,,697,1000,988.08,1881.5335999999998,98808,1000,
281,281,9512.564452409744,0,7,29.355901956558228,0,150.2529,2.132553,0.0,0.0,0.05,-5.9914646,1.0,100.0,240.0,173.4,1800.44,17340.0,220.0,,835,1000,991.4,865.3400000000001,99140,1000,
282,282,9547.244308233261,0,12,29.65867042541504,0,150.25874,2.132011,0.0,0.0,0.05,-5.9914646,1.0,40.0,260.0,168.4,2441.44,16840.0,220.0,,711,1000,987.75,1991.5075,98775,1000,
283,283,9580.96708226204,0,33,28.789236783981323,0,150.26306,2.1341417,0.0,0.0,0.05,-5.9914646,1.0,0.0,260.0,177.8,2423.16,17780.0,200.0,,458,1000,978.97,5657.149099999999,97897,1000,
284,284,9615.158532857895,0,16,29.173823833465576,0,150.26665,2.1332946,0.0,0.0,0.05,-5.9914646,1.0,20.0,260.0,176.2,2749.56,17620.0,220.0,,447,1000,986.6,3777.92,98660,1000,
285,285,9649.170644521713,0,16,28.995437145233154,0,150.27168,2.133192,0.0,0.0,0.05,-5.9914646,1.0,20.0,240.0,155.8,2178.36,15580.0,200.0,,531,1000,981.32,3732.2576,98132,1000,
286,286,9684.160626649857,0,7,29.87282156944275,0,150.27725,2.1336985,0.0,0.0,0.05,-5.9914646,1.0,100.0,240.0,163.8,2365.56,16380.0,220.0,,704,1000,989.56,1497.3863999999992,98956,1000,
287,287,9718.787200689316,0,9,29.584213256835938,0,150.28374,2.1334207,0.0,0.0,0.05,-5.9914646,1.0,100.0,260.0,170.2,2139.9600000000005,17020.0,220.0,,665,1000,985.77,1885.9571000000003,98577,1000,
288,288,9753.246304273605,0,14,29.334018230438232,0,150.2897,2.1306415,0.0,0.0,0.05,-5.9914646,1.0,100.0,280.0,168.8,2554.56,16880.0,220.0,,679,1000,985.2,2166.16,98520,1000,
289,289,9787.401349306107,0,5,29.0268235206604,0,150.2935,2.1360404,0.0,0.0,0.05,-5.9914646,1.0,0.0,280.0,172.8,2404.16,17280.0,240.0,,463,1000,975.52,5432.8096,97552,1000,
290,290,9822.77429819107,0,11,30.032874584197998,0,150.29683,2.1322823,0.0,0.0,0.05,-5.9914646,1.0,100.0,260.0,177.2,1912.1599999999996,17720.0,220.0,,621,1000,988.14,2286.520400000001,98814,1000,
291,291,9856.533552646637,0,14,28.722904682159424,0,150.3004,2.1330512,0.0,0.0,0.05,-5.9914646,1.0,0.0,260.0,176.6,2528.44,17660.0,220.0,,601,1000,973.56,5342.1664,97356,1000,
292,292,9890.424189805984,0,3,28.845879793167114,0,150.30254,2.1328928,0.0,0.0,0.05,-5.9914646,1.0,20.0,260.0,170.6,2019.6399999999994,17060.0,240.0,,692,1000,976.67,4192.461099999999,97667,1000,
293,293,9923.795757770538,0,3,28.339372873306274,0,150.30182,2.1329055,0.0,0.0,0.05,-5.9914646,1.0,0.0,260.0,174.4,1936.64,17440.0,240.0,,664,1000,985.78,2759.1916,98578,1000,
294,294,9956.852051258087,0,33,27.88270401954651,0,150.29945,2.1307912,0.0,0.0,0.05,-5.9914646,1.0,20.0,280.0,168.2,2472.7599999999993,16820.0,180.0,,525,1000,960.73,10081.2371,96073,1000,
295,295,9990.946075677872,0,25,28.972476720809937,0,150.29547,2.1343446,0.0,0.0,0.05,-5.9914646,1.0,40.0,260.0,178.2,2072.7599999999998,17820.0,200.0,,623,1000,975.44,4929.8664,97544,1000,
296,296,10024.512377500534,0,68,28.493988275527954,0,150.29175,2.1327503,0.0,0.0,0.05,-5.9914646,1.0,20.0,260.0,165.8,2618.3599999999997,16580.0,140.0,,648,1000,978.22,4733.351599999999,97822,773,
297,297,10057.781251192093,0,24,28.710500955581665,0,150.2887,2.133201,0.0,0.0,0.05,-5.9914646,1.0,0.0,240.0,170.8,2483.36,17080.0,200.0,,555,1000,986.9,2865.2499999999995,98690,1000,
298,298,10091.009855508804,0,26,28.125291109085083,0,150.28517,2.133445,0.0,0.0,0.05,-5.9914646,1.0,60.0,260.0,176.8,1685.7599999999993,17680.0,200.0,,629,1000,981.07,3819.6251,98107,1000,
299,299,10124.86890053749,0,53,28.754578590393066,0,150.2824,2.1304166,0.0,0.0,0.05,-5.9914646,1.0,0.0,260.0,170.4,2963.839999999999,17040.0,160.0,,571,1000,975.7,5951.029999999999,97570,1000,
