,n_reused,walltimes,generations,unp_rank,param_norm,workertimes,grad_norm,n_rejected,baseline_mu,baseline_sigma,sigma_0,beta_0,sigma_1,beta_1,sigma_2,beta_2,sigma_3,beta_3,sigma_4,beta_4,sigma_5,beta_5,sigma_6,beta_6,sigma_7,beta_7,sigma_8,beta_8,sigma_9,beta_9,lr_0,lr_1,return_min,return_max,return_avg,return_var,return_sum,return_unp,return_val,observations_min,observations_max,observations_avg,observations_var,observations_sum,observations_unp,observations_val
0,0,34.47586274147034,0,16,32.149513,26.553338289260864,42.583435,0,0.0,0.0,0.05,-5.782237,0.05,-5.9876366,0.05,-6.1375027,0.05,-6.0021157,0.05,-6.2556252,0.05,-6.001128,0.05,-5.637938,0.05,-5.986127,0.05,-6.101973,0.05,-5.9948683,0.05,0.05,0.0,200.0,47.8,3439.1600000000008,4780.0,120.0,,512,1000,933.2,14481.36,93320,908,
1,0,68.19249558448792,1,2,32.39416,28.502682209014893,41.590027,0,0.0,0.0,0.05060049,-5.782237,0.05000857,-5.9876366,0.049696833,-6.1375027,0.049958877,-6.0021157,0.04943398,-6.2556252,0.04997609,-6.001128,0.051231597,-5.637938,0.050026014,-5.986127,0.049663134,-6.101973,0.049985744,-5.9948683,0.05,0.05,0.0,240.0,45.8,3866.36,4580.0,180.0,,537,1000,937.07,12321.7251,93707,1000,
2,0,100.75658798217773,2,1,32.885986,27.343994140625,40.967052,0,0.0,0.0,0.051128488,-5.782237,0.05001713,-5.9876366,0.04938436,-6.1375027,0.04992417,-6.0021157,0.04889047,-6.2556252,0.04995253,-6.001128,0.052069318,-5.637938,0.050043467,-5.986127,0.049356323,-6.101973,0.049974423,-5.9948683,0.05,0.05,0.0,180.0,58.8,3622.56,5880.0,180.0,,650,1000,939.89,11033.277899999997,93989,1000,
3,0,132.20575737953186,3,4,33.652634,26.04000496864319,40.479816,0,0.0,0.0,0.051612474,-5.782237,0.050026268,-5.9876366,0.04908853,-6.1375027,0.049893957,-6.0021157,0.048394494,-6.2556252,0.049930617,-6.001128,0.05278059,-5.637938,0.05006435,-5.986127,0.04904817,-6.101973,0.049962543,-5.9948683,0.05,0.05,0.0,200.0,53.4,4056.4399999999987,5340.0,160.0,,577,1000,939.5,13113.77,93950,987,
4,0,165.69240999221802,4,4,34.699265,28.125213146209717,39.873077,0,0.0,0.0,0.052051853,-5.782237,0.05003538,-5.9876366,0.048829373,-6.1375027,0.04986581,-6.0021157,0.048063897,-6.2556252,0.049908195,-6.001128,0.053632244,-5.637938,0.050080493,-5.986127,0.04881269,-6.101973,0.049952112,-5.9948683,0.05,0.05,0.0,180.0,59.6,3623.84,5960.0,160.0,,664,1000,931.95,12050.167499999998,93195,985,
5,0,198.67495703697205,5,7,36.01007,27.800894021987915,39.689003,0,0.0,0.0,0.052455783,-5.782237,0.05004483,-5.9876366,0.048540324,-6.1375027,0.049841996,-6.0021157,0.047700904,-6.2556252,0.04988765,-6.001128,0.05396472,-5.637938,0.050095387,-5.986127,0.048576877,-6.101973,0.04994268,-5.9948683,0.05,0.05,0.0,220.0,71.8,4576.759999999998,7180.0,160.0,,583,1000,929.8,13052.280000000002,92980,1000,
6,0,231.03832626342773,6,13,37.555725,27.145654678344727,39.469437,0,0.0,0.0,0.05279257,-5.782237,0.050054446,-5.9876366,0.048315708,-6.1375027,0.049822453,-6.0021157,0.047208115,-6.2556252,0.049869563,-6.001128,0.054303113,-5.637938,0.050106373,-5.986127,0.048392143,-6.101973,0.049934845,-5.9948683,0.05,0.05,0.0,260.0,81.8,5288.76,8180.0,160.0,,496,1000,928.79,15763.605899999999,92879,991,
7,0,261.74158668518066,7,5,39.301567,25.398777961730957,39.308056,0,0.0,0.0,0.05310257,-5.782237,0.050061654,-5.9876366,0.048118487,-6.1375027,0.04980389,-6.0021157,0.046820574,-6.2556252,0.049854226,-6.001128,0.054521333,-5.637938,0.050113734,-5.986127,0.048222814,-6.101973,0.049926892,-5.9948683,0.05,0.05,0.0,220.0,85.6,4624.64,8560.0,160.0,,543,1000,932.33,11986.9011,93233,980,
8,0,294.59881711006165,8,11,41.2095,27.573230504989624,39.071083,0,0.0,0.0,0.053377178,-5.782237,0.050067876,-5.9876366,0.04793601,-6.1375027,0.049789667,-6.0021157,0.046451915,-6.2556252,0.049843222,-6.001128,0.05493599,-5.637938,0.05010518,-5.986127,0.048068836,-6.101973,0.04992282,-5.9948683,0.05,0.05,0.0,240.0,102.0,4028.0,10200.0,160.0,,657,1000,926.1,11628.849999999999,92610,977,
9,0,326.56465101242065,9,5,43.249638,26.7462420463562,38.91934,0,0.0,0.0,0.05365212,-5.782237,0.05007562,-5.9876366,0.047740795,-6.1375027,0.049776457,-6.0021157,0.046143286,-6.2556252,0.0498338,-6.001128,0.05520833,-5.637938,0.050099984,-5.986127,0.047920894,-6.101973,0.04991812,-5.9948683,0.05,0.05,0.0,220.0,109.0,4283.0,10900.0,180.0,,447,1000,922.63,14167.573099999998,92263,1000,
10,0,360.53191113471985,10,11,45.390114,28.542103052139282,37.96268,0,0.0,0.0,0.05387864,-5.782237,0.05008165,-5.9876366,0.047548626,-6.1375027,0.049766704,-6.0021157,0.045798816,-6.2556252,0.049826887,-6.001128,0.056664094,-5.637938,0.050103616,-5.986127,0.04783544,-6.101973,0.04991449,-5.9948683,0.05,0.05,0.0,200.0,117.2,3576.1600000000008,11720.0,160.0,,561,1000,934.5,9847.83,93450,990,
11,0,394.1485993862152,11,10,47.59842,28.295668840408325,37.55863,0,0.0,0.0,0.054095637,-5.782237,0.05008459,-5.9876366,0.047414854,-6.1375027,0.04975701,-6.0021157,0.045432862,-6.2556252,0.04981857,-6.001128,0.057323765,-5.637938,0.0501077,-5.986127,0.047789272,-6.101973,0.04991197,-5.9948683,0.05,0.05,0.0,220.0,125.6,2864.64,12560.0,160.0,,705,1000,930.81,9953.293899999999,93081,988,
12,0,427.66908025741577,12,11,49.850628,28.264699935913086,37.519554,0,0.0,0.0,0.05429333,-5.782237,0.050086606,-5.9876366,0.0472377,-6.1375027,0.04974905,-6.0021157,0.04510838,-6.2556252,0.04980965,-6.001128,0.05747105,-5.637938,0.050114952,-5.986127,0.047729377,-6.101973,0.049909577,-5.9948683,0.05,0.05,0.0,280.0,134.4,3008.64,13440.0,160.0,,734,1000,949.81,6376.7539000000015,94981,988,
13,0,461.6111946105957,13,10,52.124165,28.751905918121338,37.532585,0,0.0,0.0,0.054537438,-5.782237,0.050085533,-5.9876366,0.047056623,-6.1375027,0.049741697,-6.0021157,0.044783052,-6.2556252,0.049799226,-6.001128,0.057423305,-5.637938,0.050122492,-5.986127,0.047660332,-6.101973,0.049907114,-5.9948683,0.05,0.05,0.0,180.0,134.8,2540.9600000000005,13480.0,160.0,,398,1000,949.31,9200.813900000001,94931,974,
14,0,495.321337223053,14,9,54.40725,28.507528066635132,37.514225,0,0.0,0.0,0.0547654,-5.782237,0.050086644,-5.9876366,0.04691278,-6.1375027,0.04973635,-6.0021157,0.044462822,-6.2556252,0.04979228,-6.001128,0.05745321,-5.637938,0.05012976,-5.986127,0.04761198,-6.101973,0.049905386,-5.9948683,0.05,0.05,0.0,240.0,143.0,2027.0,14300.0,160.0,,471,1000,961.32,6587.7976,96132,979,
15,0,528.828910112381,15,13,56.688232,28.337461471557617,37.24295,0,0.0,0.0,0.054929666,-5.782237,0.05008621,-5.9876366,0.046771996,-6.1375027,0.049731404,-6.0021157,0.044235867,-6.2556252,0.04978402,-6.001128,0.057923514,-5.637938,0.050133225,-5.986127,0.04754993,-6.101973,0.04990647,-5.9948683,0.05,0.05,0.0,220.0,151.2,882.5600000000002,15120.0,160.0,,503,1000,954.03,8066.5891,95403,986,
16,0,563.981837272644,16,5,58.956036,29.83658194541931,37.34375,0,0.0,0.0,0.055082228,-5.782237,0.0500881,-5.9876366,0.04667728,-6.1375027,0.049727585,-6.0021157,0.044069048,-6.2556252,0.049778655,-6.001128,0.057831116,-5.637938,0.05013416,-5.986127,0.04748916,-6.101973,0.049908612,-5.9948683,0.05,0.05,0.0,200.0,151.2,666.56,15120.0,160.0,,728,1000,973.22,2525.6315999999997,97322,967,
17,0,599.7380890846252,17,9,61.206448,30.55350637435913,37.178688,0,0.0,0.0,0.055228468,-5.782237,0.05009143,-5.9876366,0.046606403,-6.1375027,0.049724977,-6.0021157,0.04398116,-6.2556252,0.049771972,-6.001128,0.058081068,-5.637938,0.05014171,-5.986127,0.04743519,-6.101973,0.049910434,-5.9948683,0.05,0.05,0.0,180.0,147.2,1564.16,14720.0,160.0,,497,1000,968.08,4678.893599999999,96808,976,
18,0,635.0318484306335,18,6,63.433323,29.972828149795532,36.65865,0,0.0,0.0,0.055371575,-5.782237,0.050093297,-5.9876366,0.046547532,-6.1375027,0.049728703,-6.0021157,0.04390332,-6.2556252,0.04976791,-6.001128,0.058902066,-5.637938,0.050141104,-5.986127,0.047357626,-6.101973,0.04991374,-5.9948683,0.05,0.05,0.0,180.0,150.0,1212.0,15000.0,160.0,,653,1000,971.09,2850.4219000000007,97109,980,
19,0,670.0315742492676,19,5,65.63283,29.533698081970215,36.289146,0,0.0,0.0,0.055514082,-5.793114,0.050095793,-5.9861417,0.046479154,-6.170795,0.04973443,-5.998649,0.04381353,-6.251529,0.04975899,-6.002179,0.059667427,-5.680195,0.05013362,-5.9877496,0.047312226,-6.1355996,0.04991498,-5.9931507,0.05,0.05,0.0,240.0,151.2,1066.56,15120.0,160.0,,680,1000,970.85,2767.4674999999993,97085,995,
20,0,704.5256996154785,20,10,67.79695,29.264381647109985,35.867195,0,0.0,0.0,0.055641823,-5.793114,0.050098658,-5.9861417,0.04633566,-6.170795,0.049740598,-5.998649,0.0436897,-6.251529,0.04975045,-6.002179,0.0605028,-5.680195,0.050130606,-5.9877496,0.047288377,-6.1355996,0.049916275,-5.9931507,0.05,0.05,0.0,200.0,150.8,1163.36,15080.0,160.0,,765,1000,975.67,1815.0011000000002,97567,971,
21,0,739.0650160312653,21,13,69.92564,29.351671934127808,35.24297,0,0.0,0.0,0.055731706,-5.793114,0.050100688,-5.9861417,0.046245538,-6.170795,0.049748942,-5.998649,0.043660983,-6.251529,0.049741745,-6.002179,0.06166323,-5.680195,0.0501283,-5.9877496,0.047280416,-6.1355996,0.049917966,-5.9931507,0.05,0.05,0.0,220.0,155.0,811.0,15500.0,160.0,,704,1000,972.73,2043.0171000000003,97273,990,
22,0,773.3969173431396,22,12,72.01126,29.12298345565796,34.39891,0,0.0,0.0,0.055829216,-5.793114,0.050104894,-5.9861417,0.046131395,-6.170795,0.049760405,-5.998649,0.04358348,-6.251529,0.04973475,-6.002179,0.06323705,-5.680195,0.05012248,-5.9877496,0.0472547,-6.1355996,0.04991967,-5.9931507,0.05,0.05,0.0,240.0,158.2,560.76,15820.0,160.0,,651,1000,978.84,1827.5344,97884,981,
23,0,807.7151284217834,23,1,74.04874,29.069870233535767,33.843918,0,0.0,0.0,0.055898394,-5.793114,0.050107893,-5.9861417,0.046052594,-6.170795,0.049767748,-5.998649,0.04357531,-6.251529,0.04973151,-6.002179,0.06436723,-5.680195,0.050115217,-5.9877496,0.04724216,-6.1355996,0.049920123,-5.9931507,0.05,0.05,0.0,200.0,151.6,929.44,15160.0,200.0,,524,1000,968.44,5483.0664,96844,1000,
24,0,842.165668964386,24,95,76.03877,29.066997528076172,33.51308,0,0.0,0.0,0.055940937,-5.793114,0.050108526,-5.9861417,0.04592572,-6.170795,0.04977051,-5.998649,0.043562815,-6.251529,0.04972779,-6.002179,0.0652279,-5.680195,0.050105218,-5.9877496,0.047158122,-6.1355996,0.04992161,-5.9931507,0.05,0.05,0.0,200.0,153.0,931.0,15300.0,100.0,,734,1000,969.12,3824.3656000000005,96912,881,
25,0,876.5889346599579,25,10,77.97941,29.504101037979126,33.01866,0,0.0,0.0,0.055932842,-5.793114,0.05010881,-5.9861417,0.045897588,-6.170795,0.049771734,-5.998649,0.04356624,-6.251529,0.049725227,-6.002179,0.06627936,-5.680195,0.05008939,-5.9877496,0.047087308,-6.1355996,0.049923226,-5.9931507,0.05,0.05,0.0,200.0,152.8,940.1599999999999,15280.0,160.0,,646,1000,974.6,2984.86,97460,1000,
26,0,910.9287028312683,26,17,79.87105,29.1248037815094,33.00454,0,0.0,0.0,0.05591336,-5.793114,0.050108954,-5.9861417,0.045849837,-6.170795,0.04977558,-5.998649,0.04355021,-6.251529,0.04972076,-6.002179,0.066297285,-5.680195,0.050078046,-5.9877496,0.04704593,-6.1355996,0.0499263,-5.9931507,0.05,0.05,0.0,220.0,150.4,1595.84,15040.0,160.0,,740,1000,980.29,2360.2058999999995,98029,1000,
27,0,945.229430437088,27,12,81.713974,29.080018043518066,33.444695,0,0.0,0.0,0.05588155,-5.793114,0.05011211,-5.9861417,0.045827784,-6.170795,0.049780197,-5.998649,0.04356453,-6.251529,0.049718875,-6.002179,0.065311655,-5.680195,0.050080482,-5.9877496,0.047036298,-6.1355996,0.04992987,-5.9931507,0.05,0.05,0.0,220.0,153.2,985.76,15320.0,160.0,,613,1000,972.62,4119.7155999999995,97262,1000,
28,0,980.1686942577362,28,8,83.51003,29.53931760787964,33.799786,0,0.0,0.0,0.055836774,-5.793114,0.05011518,-5.9861417,0.045861077,-6.170795,0.049783543,-5.998649,0.043601938,-6.251529,0.049719065,-6.002179,0.06460148,-5.680195,0.050075684,-5.9877496,0.04697196,-6.1355996,0.04993399,-5.9931507,0.05,0.05,0.0,220.0,152.8,932.16,15280.0,160.0,,451,1000,975.06,5372.336400000001,97506,1000,
29,0,1014.9812381267548,29,4,85.260506,29.477130651474,34.236828,0,0.0,0.0,0.055803943,-5.793114,0.050116863,-5.9861417,0.045861505,-6.170795,0.04978522,-5.998649,0.043576464,-6.251529,0.0497191,-6.002179,0.063665256,-5.680195,0.05006754,-5.9877496,0.046969075,-6.1355996,0.049937893,-5.9931507,0.05,0.05,40.0,260.0,154.0,740.0,15400.0,180.0,,735,1000,978.55,3088.6474999999996,97855,1000,
30,0,1049.4122982025146,30,23,86.969215,29.050824403762817,34.435074,0,0.0,0.0,0.055745408,-5.793114,0.050122157,-5.9861417,0.045844972,-6.170795,0.049790774,-5.998649,0.043617927,-6.251529,0.04972344,-6.002179,0.06312765,-5.680195,0.0500644,-5.9877496,0.046888616,-6.1355996,0.049940966,-5.9931507,0.05,0.05,80.0,240.0,158.6,562.04,15860.0,160.0,,728,1000,977.36,3540.3504,97736,1000,
31,0,1083.7673366069794,31,13,88.64209,29.1436505317688,35.106697,0,0.0,0.0,0.055682775,-5.793114,0.05012708,-5.9861417,0.04584269,-6.170795,0.049794998,-5.998649,0.04363948,-6.251529,0.049726307,-6.002179,0.06189619,-5.680195,0.050073702,-5.9877496,0.046852455,-6.1355996,0.04994318,-5.9931507,0.05,0.05,80.0,240.0,155.0,539.0,15500.0,160.0,,633,1000,975.14,3990.8403999999996,97514,1000,
32,0,1118.1229221820831,32,15,90.28101,29.210964918136597,35.993225,0,0.0,0.0,0.055581283,-5.793114,0.05013081,-5.9861417,0.04596889,-6.170795,0.04979864,-5.998649,0.043647535,-6.251529,0.049728025,-6.002179,0.060228083,-5.680195,0.050085463,-5.9877496,0.046787754,-6.1355996,0.04994687,-5.9931507,0.05,0.05,20.0,220.0,155.6,612.64,15560.0,160.0,,750,1000,977.48,3005.609599999999,97748,1000,
33,0,1153.3326604366302,33,15,91.89047,30.018141746520996,36.47315,0,0.0,0.0,0.055499554,-5.793114,0.05013161,-5.9861417,0.046047993,-6.170795,0.04980046,-5.998649,0.043650895,-6.251529,0.0497276,-6.002179,0.05926906,-5.680195,0.050102506,-5.9877496,0.046747245,-6.1355996,0.049949218,-5.9931507,0.05,0.05,0.0,240.0,157.2,624.16,15720.0,160.0,,833,1000,992.38,780.7956000000001,99238,1000,
34,0,1188.0866265296936,34,16,93.47444,29.543527364730835,37.089214,0,0.0,0.0,0.055421274,-5.793114,0.050131947,-5.9861417,0.045977265,-6.170795,0.04980553,-5.998649,0.043679036,-6.251529,0.04972837,-6.002179,0.05833318,-5.680195,0.050100185,-5.9877496,0.046695903,-6.1355996,0.049951553,-5.9931507,0.05,0.05,100.0,220.0,159.4,251.64,15940.0,160.0,,648,1000,988.03,2117.629100000001,98803,1000,
35,0,1222.4577944278717,35,19,95.039154,29.13795757293701,37.113068,0,0.0,0.0,0.055350706,-5.793114,0.050132077,-5.9861417,0.045874342,-6.170795,0.049810376,-5.998649,0.043711185,-6.251529,0.049728937,-6.002179,0.05822365,-5.680195,0.05009966,-5.9877496,0.046635978,-6.1355996,0.049954265,-5.9931507,0.05,0.05,0.0,220.0,155.8,762.36,15580.0,160.0,,693,1000,982.49,2656.929899999999,98249,1000,
36,0,1257.9238600730896,36,24,96.586716,30.117096662521362,37.028996,0,0.0,0.0,0.055291366,-5.793114,0.050133154,-5.9861417,0.045793805,-6.170795,0.04981357,-5.998649,0.043841857,-6.251529,0.04973188,-6.002179,0.05839886,-5.680195,0.050097786,-5.9877496,0.04657259,-6.1355996,0.049955886,-5.9931507,0.05,0.05,20.0,200.0,158.0,668.0,15800.0,160.0,,816,1000,985.41,1560.9218999999994,98541,1000,
37,0,1293.1680934429169,37,12,98.11947,29.712244749069214,37.01655,0,0.0,0.0,0.055212986,-5.828207,0.050133247,-5.987621,0.04571186,-6.210036,0.049820706,-6.001819,0.04390335,-6.1831684,0.04973285,-6.003818,0.058419973,-5.184771,0.05009296,-5.9945164,0.046523403,-6.1514134,0.049957864,-5.9941874,0.05,0.05,0.0,200.0,154.4,800.6400000000001,15440.0,160.0,,738,1000,986.87,1862.6131,98687,1000,
38,0,1328.3692998886108,38,9,99.63798,29.900805234909058,36.902546,0,0.0,0.0,0.0551085,-5.828207,0.050131742,-5.987621,0.045641672,-6.210036,0.0498268,-6.001819,0.043956015,-6.1831684,0.049731523,-6.003818,0.05859199,-5.184771,0.050096497,-5.9945164,0.046475455,-6.1514134,0.04995885,-5.9941874,0.05,0.05,20.0,220.0,151.0,883.0,15100.0,160.0,,797,1000,981.4,2172.2999999999993,98140,1000,
39,0,1363.623568058014,39,15,101.14353,30.04034686088562,36.919014,0,0.0,0.0,0.054998703,-5.828207,0.050129678,-5.987621,0.04556913,-6.210036,0.049831197,-6.001819,0.043974318,-6.1831684,0.049732,-6.003818,0.058612153,-5.184771,0.050087765,-5.9945164,0.0464639,-6.1514134,0.04996009,-5.9941874,0.05,0.05,0.0,260.0,152.0,1160.0,15200.0,160.0,,418,1000,974.0,7228.66,97400,1000,
40,0,1397.2825236320496,40,22,102.63361,28.44706416130066,36.583195,0,0.0,0.0,0.054955527,-5.828207,0.05012934,-5.987621,0.04544308,-6.210036,0.049832743,-6.001819,0.04400959,-6.1831684,0.049730137,-6.003818,0.05915123,-5.184771,0.050079644,-5.9945164,0.046448715,-6.1514134,0.04996045,-5.9941874,0.05,0.05,40.0,220.0,157.6,738.2399999999997,15760.0,160.0,,520,1000,973.35,4441.9475,97335,1000,
41,0,1431.378250360489,41,23,104.11135,28.889758586883545,36.044556,0,0.0,0.0,0.054969456,-5.828207,0.050129745,-5.987621,0.045339294,-6.210036,0.049831446,-6.001819,0.044047672,-6.1831684,0.049728762,-6.003818,0.06006273,-5.184771,0.050066046,-5.9945164,0.046435725,-6.1514134,0.049959745,-5.9941874,0.05,0.05,0.0,260.0,153.8,1405.56,15380.0,160.0,,668,1000,968.28,4087.5615999999995,96828,1000,
42,0,1466.8578867912292,42,15,105.5735,30.259893894195557,35.884,0,0.0,0.0,0.054980975,-5.828207,0.050130248,-5.987621,0.045305636,-6.210036,0.04982602,-6.001819,0.044096228,-6.1831684,0.049724363,-6.003818,0.06043678,-5.184771,0.050048027,-5.9945164,0.04646392,-6.1514134,0.0499571,-5.9941874,0.05,0.05,0.0,260.0,146.4,1943.0399999999995,14640.0,160.0,,806,1000,981.35,2150.8875000000007,98135,1000,
43,0,1501.4830379486084,43,18,107.019905,29.40149211883545,35.37122,0,0.0,0.0,0.05499878,-5.828207,0.050130296,-5.987621,0.04522908,-6.210036,0.049817584,-6.001819,0.04409561,-6.1831684,0.049717296,-6.003818,0.061442923,-5.184771,0.050030835,-5.9945164,0.04648227,-6.1514134,0.04995398,-5.9941874,0.05,0.05,20.0,240.0,159.4,627.6400000000001,15940.0,160.0,,759,1000,980.25,2405.8275,98025,1000,
44,0,1536.0201196670532,44,1,108.44865,29.306413412094116,34.72845,0,0.0,0.0,0.055016395,-5.828207,0.050129578,-5.987621,0.045187693,-6.210036,0.049806572,-6.001819,0.04411442,-6.1831684,0.049708076,-6.003818,0.062664084,-5.184771,0.0500201,-5.9945164,0.046439156,-6.1514134,0.04995078,-5.9941874,0.05,0.05,60.0,220.0,150.8,611.3599999999999,15080.0,220.0,,722,1000,966.69,4110.4139000000005,96669,1000,
45,0,1570.3361237049103,45,14,109.858284,29.104486227035522,34.219666,0,0.0,0.0,0.055008158,-5.828207,0.05012861,-5.987621,0.045085534,-6.210036,0.04979774,-6.001819,0.044202425,-6.1831684,0.049704272,-6.003818,0.063695684,-5.184771,0.050002873,-5.9945164,0.046402644,-6.1514134,0.049946155,-5.9941874,0.05,0.05,0.0,240.0,144.4,1956.6399999999994,14440.0,160.0,,634,1000,978.9,3025.8500000000013,97890,930,
46,0,1605.80433011055,46,4,111.24549,30.406646490097046,33.58169,0,0.0,0.0,0.054979064,-5.828207,0.050124608,-5.987621,0.045003485,-6.210036,0.049786344,-6.001819,0.044306573,-6.1831684,0.04970034,-6.003818,0.06500174,-5.184771,0.049987473,-5.9945164,0.04635072,-6.1514134,0.049941856,-5.9941874,0.05,0.05,0.0,220.0,146.2,1509.5599999999997,14620.0,180.0,,681,1000,977.79,3189.3059,97779,1000,
47,0,1640.150090456009,47,2,112.60758,29.039576292037964,32.9878,0,0.0,0.0,0.054962497,-5.828207,0.050119877,-5.987621,0.044929363,-6.210036,0.049775388,-6.001819,0.044435203,-6.1831684,0.049698345,-6.003818,0.06631926,-5.184771,0.04996232,-5.9945164,0.04632285,-6.1514134,0.04993912,-5.9941874,0.05,0.05,0.0,260.0,145.8,1642.3600000000004,14580.0,220.0,,698,1000,979.06,2752.9963999999995,97906,1000,
48,0,1674.230519771576,48,4,113.9457,28.847002029418945,32.448147,0,0.0,0.0,0.05490996,-5.828207,0.050117712,-5.987621,0.044866655,-6.210036,0.04976541,-6.001819,0.044534147,-6.1831684,0.049695443,-6.003818,0.06756679,-5.184771,0.049947575,-5.9945164,0.04629306,-6.1514134,0.049935192,-5.9941874,0.05,0.05,0.0,240.0,146.8,1481.7599999999993,14680.0,180.0,,640,1000,980.99,3086.009899999999,98099,1000,
49,0,1707.9267582893372,49,10,115.25748,28.462746143341064,31.888987,0,0.0,0.0,0.054862145,-5.828207,0.050115872,-5.987621,0.04483158,-6.210036,0.049756404,-6.001819,0.04461019,-6.1831684,0.049694046,-6.003818,0.06890471,-5.184771,0.04992925,-5.9945164,0.04628132,-6.1514134,0.049933262,-5.9941874,0.05,0.05,0.0,200.0,138.8,2478.56,13880.0,160.0,,610,1000,982.98,3492.4596000000006,98298,1000,
50,0,1742.4773213863373,50,14,116.53926,29.34169912338257,31.492174,0,0.0,0.0,0.054807797,-5.828207,0.050112743,-5.987621,0.044855338,-6.210036,0.04974974,-6.001819,0.044664,-6.1831684,0.04969426,-6.003818,0.069845796,-5.184771,0.04992269,-5.9945164,0.04628958,-6.1514134,0.049932823,-5.9941874,0.05,0.05,0.0,220.0,142.0,1556.0,14200.0,160.0,,624,1000,971.98,4114.879600000001,97198,1000,
51,0,1777.3863711357117,51,15,117.79197,29.68647027015686,31.103752,0,0.0,0.0,0.054718178,-5.828207,0.050109193,-5.987621,0.044843856,-6.210036,0.049746156,-6.001819,0.04477183,-6.1831684,0.049696926,-6.003818,0.07082759,-5.184771,0.049917776,-5.9945164,0.046266217,-6.1514134,0.049932346,-5.9941874,0.05,0.05,0.0,200.0,138.8,2414.56,13880.0,160.0,,652,1000,975.62,3689.3355999999994,97562,1000,
52,0,1812.5659532546997,52,20,119.01522,29.953898906707764,30.857887,0,0.0,0.0,0.054578908,-5.828207,0.05010543,-5.987621,0.04485782,-6.210036,0.0497437,-6.001819,0.04485138,-6.1831684,0.049696878,-6.003818,0.07150623,-5.184771,0.049922097,-5.9945164,0.04622338,-6.1514134,0.049931094,-5.9941874,0.05,0.05,0.0,200.0,150.2,1299.9599999999998,15020.0,160.0,,743,1000,980.26,2639.2723999999994,98026,1000,
53,0,1846.4603443145752,53,19,120.208885,28.660359144210815,30.261597,0,0.0,0.0,0.05447905,-5.828207,0.050100032,-5.987621,0.044879194,-6.210036,0.049740523,-6.001819,0.0449842,-6.1831684,0.049696367,-6.003818,0.073112145,-5.184771,0.049923085,-5.9945164,0.0461744,-6.1514134,0.04992881,-5.9941874,0.05,0.05,0.0,240.0,146.2,2141.5600000000004,14620.0,160.0,,664,1000,976.84,3463.9344,97684,1000,
54,0,1881.3790237903595,54,14,121.37169,29.59796380996704,30.027048,0,0.0,0.0,0.054351598,-5.828207,0.050097547,-5.987621,0.044818394,-6.210036,0.049739845,-6.001819,0.04516854,-6.1831684,0.049693607,-6.003818,0.07379589,-5.184771,0.049923737,-5.9945164,0.0461578,-6.1514134,0.04992905,-5.9941874,0.05,0.05,0.0,240.0,152.8,1276.1599999999999,15280.0,160.0,,817,1000,983.98,1897.3796,98398,1000,
55,0,1916.3893072605133,55,15,122.50412,29.429094314575195,29.60194,0,0.0,0.0,0.054252647,-5.886748,0.050096184,-5.989003,0.044823717,-6.254902,0.049741805,-6.002539,0.045429926,-6.1685333,0.049692117,-6.0010166,0.07484129,-5.5128946,0.049923763,-5.988622,0.046157,-6.1431093,0.049931977,-5.9928765,0.05,0.05,0.0,220.0,148.4,1601.4399999999996,14840.0,160.0,,526,1000,979.15,4565.0075,97915,1000,
56,0,1950.9486527442932,56,27,123.60667,29.22995138168335,29.590929,0,0.0,0.0,0.05417029,-5.886748,0.05009424,-5.989003,0.044785433,-6.254902,0.0497444,-6.002539,0.045720078,-6.1685333,0.04969182,-6.0010166,0.074854694,-5.5128946,0.04993563,-5.988622,0.046159614,-6.1431093,0.04993643,-5.9928765,0.05,0.05,0.0,220.0,150.0,2044.0,15000.0,160.0,,676,1000,982.27,3222.4170999999997,98227,1000,
57,0,1986.0128214359283,57,24,124.68095,29.848994731903076,29.596474,0,0.0,0.0,0.054026786,-5.886748,0.050093416,-5.989003,0.044662073,-6.254902,0.049747296,-6.002539,0.045929313,-6.1685333,0.049693134,-6.0010166,0.07483415,-5.5128946,0.049956564,-5.988622,0.04616654,-6.1431093,0.04994043,-5.9928765,0.05,0.05,0.0,240.0,150.2,1715.9600000000005,15020.0,160.0,,743,1000,983.99,2158.8099000000007,98399,1000,
58,0,2021.32945394516,58,22,125.726295,29.828770875930786,30.081379,0,0.0,0.0,0.05392067,-5.886748,0.050093427,-5.989003,0.044592816,-6.254902,0.04975038,-6.002539,0.046102017,-6.1685333,0.049692433,-6.0010166,0.07351394,-5.5128946,0.04997453,-5.988622,0.046145793,-6.1431093,0.049943753,-5.9928765,0.05,0.05,0.0,240.0,152.8,1756.16,15280.0,160.0,,616,1000,980.09,3513.1619,98009,1000,
59,0,2056.1612672805786,59,21,126.744965,29.503455877304077,30.590107,0,0.0,0.0,0.053795718,-5.886748,0.050093736,-5.989003,0.04448303,-6.254902,0.049754743,-6.002539,0.046292663,-6.1685333,0.049691085,-6.0010166,0.07206524,-5.5128946,0.049987674,-5.988622,0.04613625,-6.1431093,0.049948264,-5.9928765,0.05,0.05,0.0,240.0,153.0,987.0,15300.0,160.0,,659,1000,980.84,3661.3544000000006,98084,1000,
60,0,2091.3452413082123,60,16,127.73922,29.92520499229431,31.008799,0,0.0,0.0,0.0537134,-5.886748,0.05009357,-5.989003,0.044364553,-6.254902,0.04975568,-6.002539,0.0464716,-6.1685333,0.049692042,-6.0010166,0.070954196,-5.5128946,0.05000192,-5.988622,0.046130914,-6.1431093,0.049950134,-5.9928765,0.05,0.05,0.0,220.0,156.6,936.44,15660.0,160.0,,778,1000,982.58,2272.5835999999995,98258,1000,
61,0,2126.3883628845215,61,24,128.71353,29.711766958236694,31.400145,0,0.0,0.0,0.053618576,-5.886748,0.050093584,-5.989003,0.044307906,-6.254902,0.04975694,-6.002539,0.046658646,-6.1685333,0.04969427,-6.0010166,0.06997557,-5.5128946,0.050011028,-5.988622,0.046138532,-6.1431093,0.049951192,-5.9928765,0.05,0.05,0.0,260.0,156.0,1176.0,15600.0,160.0,,739,1000,979.46,2889.6483999999987,97946,1000,
62,0,2160.635063648224,62,20,129.669,28.836525678634644,31.670803,0,0.0,0.0,0.053529344,-5.886748,0.050092638,-5.989003,0.044270787,-6.254902,0.049756538,-6.002539,0.04677341,-6.1685333,0.04970016,-6.0010166,0.06933597,-5.5128946,0.050006866,-5.988622,0.046137642,-6.1431093,0.049952574,-5.9928765,0.05,0.05,0.0,240.0,154.0,1100.0,15400.0,160.0,,729,1000,975.7,3603.7099999999996,97570,1000,
63,0,2195.378360748291,63,25,130.60716,29.530108213424683,31.939636,0,0.0,0.0,0.053417344,-5.886748,0.05009026,-5.989003,0.0441878,-6.254902,0.04975695,-6.002539,0.046915486,-6.1685333,0.049708135,-6.0010166,0.06857103,-5.5128946,0.050007723,-5.988622,0.046127856,-6.1431093,0.049954634,-5.9928765,0.05,0.05,40.0,260.0,155.6,1132.64,15560.0,160.0,,830,1000,980.84,2410.5744,98084,1000,
64,0,2228.973977327347,64,28,131.5324,28.36400055885315,32.24003,0,0.0,0.0,0.05328112,-5.886748,0.050087277,-5.989003,0.044128314,-6.254902,0.04975618,-6.002539,0.046902042,-6.1685333,0.04971605,-6.0010166,0.067908764,-5.5128946,0.05002085,-5.988622,0.046152364,-6.1431093,0.049956065,-5.9928765,0.05,0.05,0.0,240.0,154.0,1860.0,15400.0,160.0,,441,1000,971.3,6548.870000000003,97130,972,
65,0,2264.16659784317,65,24,132.44823,29.93653678894043,32.916973,0,0.0,0.0,0.053167406,-5.886748,0.05008354,-5.989003,0.044114273,-6.254902,0.04975465,-6.002539,0.046890616,-6.1685333,0.04972232,-6.0010166,0.066425316,-5.5128946,0.050028294,-5.988622,0.04615692,-6.1431093,0.04995715,-5.9928765,0.05,0.05,0.0,240.0,151.2,1522.5600000000004,15120.0,160.0,,727,1000,982.37,2447.1531000000004,98237,871,
66,0,2298.6517386436462,66,32,133.35548,29.552976608276367,33.053917,0,0.0,0.0,0.053104695,-5.886748,0.050077807,-5.989003,0.04417221,-6.254902,0.049752705,-6.002539,0.04681443,-6.1685333,0.049725868,-6.0010166,0.06612192,-5.5128946,0.050033256,-5.988622,0.046162203,-6.1431093,0.049959496,-5.9928765,0.05,0.05,0.0,240.0,155.2,1592.9600000000005,15520.0,160.0,,582,1000,983.16,3278.3743999999992,98316,885,
67,0,2333.122494459152,67,1,134.25468,29.382673978805542,33.0994,0,0.0,0.0,0.053048182,-5.886748,0.05007302,-5.989003,0.04417732,-6.254902,0.049750026,-6.002539,0.04672703,-6.1685333,0.049731072,-6.0010166,0.06598582,-5.5128946,0.050033793,-5.988622,0.046216924,-6.1431093,0.0499607,-5.9928765,0.05,0.05,20.0,240.0,152.2,1167.1599999999999,15220.0,240.0,,813,1000,980.92,2413.3335999999995,98092,1000,
68,0,2368.005981206894,68,10,135.14874,29.700064659118652,33.472176,0,0.0,0.0,0.053005803,-5.886748,0.050069842,-5.989003,0.044147037,-6.254902,0.049745265,-6.002539,0.046607133,-6.1685333,0.049739134,-6.0010166,0.06519777,-5.5128946,0.050036825,-5.988622,0.04627632,-6.1431093,0.049963687,-5.9928765,0.05,0.05,0.0,240.0,158.6,1658.0399999999995,15860.0,200.0,,798,1000,989.93,1223.1650999999997,98993,1000,
69,0,2402.7011971473694,69,1,136.03812,29.411153316497803,33.491127,0,0.0,0.0,0.052996565,-5.886748,0.050066918,-5.989003,0.04406828,-6.254902,0.049740832,-6.002539,0.046474744,-6.1685333,0.049748294,-6.0010166,0.06514132,-5.5128946,0.0500326,-5.988622,0.046328947,-6.1431093,0.04996769,-5.9928765,0.05,0.05,0.0,240.0,152.2,2023.16,15220.0,240.0,,556,1000,987.73,3367.8571000000006,98773,1000,
70,0,2436.582819223404,70,70,136.92557,28.600457191467285,33.52108,0,0.0,0.0,0.052928794,-5.886748,0.050065223,-5.989003,0.043963738,-6.254902,0.049736373,-6.002539,0.046357166,-6.1685333,0.049752586,-6.0010166,0.06509636,-5.5128946,0.0500308,-5.988622,0.04637535,-6.1431093,0.04996781,-5.9928765,0.05,0.05,20.0,260.0,156.0,1992.0,15600.0,120.0,,449,1000,981.07,5562.585100000004,98107,673,
71,0,2471.062523126602,71,4,137.81165,29.90150284767151,33.71347,0,0.0,0.0,0.05283106,-5.886748,0.050063435,-5.989003,0.043921307,-6.254902,0.049729306,-6.002539,0.046246838,-6.1685333,0.049759585,-6.0010166,0.06469132,-5.5128946,0.050035976,-5.988622,0.046408057,-6.1431093,0.04996756,-5.9928765,0.05,0.05,0.0,260.0,161.8,2224.7599999999993,16180.0,240.0,,816,1000,990.97,856.4491,99097,1000,
72,0,2505.190215587616,72,2,138.693,28.78299903869629,33.979275,0,0.0,0.0,0.05274431,-5.886748,0.050062526,-5.989003,0.04390329,-6.254902,0.049724624,-6.002539,0.046025064,-6.1685333,0.04976228,-6.0010166,0.06418936,-5.5128946,0.050050903,-5.988622,0.04640924,-6.1431093,0.049966,-5.9928765,0.05,0.05,0.0,260.0,157.0,1875.0,15700.0,240.0,,537,1000,981.64,4595.710400000001,98164,1000,
73,0,2540.9207050800323,73,8,139.57126,30.03366255760193,34.28339,0,0.0,0.0,0.052687664,-5.9522643,0.050061572,-5.9882665,0.043829378,-6.287766,0.0497239,-5.999098,0.045763582,-6.296027,0.04976177,-6.003166,0.06351703,-6.3106246,0.05007111,-5.9851403,0.04634904,-6.1752644,0.049964715,-5.9928284,0.05,0.05,100.0,260.0,162.6,1797.2400000000007,16260.0,220.0,,837,1000,994.27,590.4971000000002,99427,1000,
74,0,2575.0845596790314,74,2,140.45085,28.96743083000183,34.426876,0,0.0,0.0,0.05260382,-5.9522643,0.05005886,-5.9882665,0.04368921,-6.287766,0.049723614,-5.999098,0.045483943,-6.296027,0.049757294,-6.003166,0.06331468,-6.3106246,0.050092172,-5.9851403,0.046266865,-6.1752644,0.049965486,-5.9928284,0.05,0.05,100.0,260.0,162.2,1743.16,16220.0,240.0,,607,1000,984.56,4038.366400000001,98456,1000,
75,0,2609.7089569568634,75,10,141.33313,29.43101143836975,34.41309,0,0.0,0.0,0.052501217,-5.9522643,0.050057705,-5.9882665,0.04353778,-6.287766,0.0497269,-5.999098,0.045234624,-6.296027,0.049751695,-6.003166,0.06336263,-6.3106246,0.050109603,-5.9851403,0.046193305,-6.1752644,0.049964596,-5.9928284,0.05,0.05,100.0,240.0,158.6,1194.04,15860.0,200.0,,673,1000,987.91,2338.6419000000005,98791,1000,
76,0,2645.100605249405,76,39,142.21613,30.184889316558838,34.62332,0,0.0,0.0,0.05240792,-5.9522643,0.05005805,-5.9882665,0.043294538,-6.287766,0.049732957,-5.999098,0.044965893,-6.296027,0.049746025,-6.003166,0.06293675,-6.3106246,0.050131027,-5.9851403,0.046060786,-6.1752644,0.04996483,-5.9928284,0.05,0.05,60.0,260.0,166.6,1672.44,16660.0,160.0,,651,1000,986.49,2461.6499,98649,1000,
77,0,2680.1210935115814,77,3,143.0984,29.741082906723022,34.57086,0,0.0,0.0,0.052290723,-5.9522643,0.05006076,-5.9882665,0.043025002,-6.287766,0.049737345,-5.999098,0.044738315,-6.296027,0.04973973,-6.003166,0.063146934,-6.3106246,0.050146446,-5.9851403,0.045952678,-6.1752644,0.049964856,-5.9928284,0.05,0.05,60.0,240.0,156.4,1787.0399999999995,15640.0,220.0,,721,1000,990.72,1172.8616000000006,99072,1000,
78,0,2715.580470085144,78,32,143.9823,30.103946685791016,34.460392,0,0.0,0.0,0.052172992,-5.9522643,0.050061595,-5.9882665,0.042809896,-6.287766,0.04974516,-5.999098,0.04455832,-6.296027,0.049736775,-6.003166,0.063340016,-6.3106246,0.050152674,-5.9851403,0.045841802,-6.1752644,0.049965978,-5.9928284,0.05,0.05,100.0,240.0,165.0,1819.0,16500.0,180.0,,739,1000,982.83,2023.6211,98283,1000,
79,0,2750.7579572200775,79,24,144.86865,29.856993675231934,35.003784,0,0.0,0.0,0.052042942,-5.9522643,0.050061703,-5.9882665,0.042650715,-6.287766,0.049753003,-5.999098,0.044440776,-6.296027,0.04973424,-6.003166,0.062270764,-6.3106246,0.0501679,-5.9851403,0.045706697,-6.1752644,0.049967393,-5.9928284,0.05,0.05,0.0,240.0,156.6,1920.44,15660.0,180.0,,502,1000,974.99,5664.9299,97499,1000,
80,0,2785.000569820404,80,12,145.75586,28.940133094787598,35.727165,0,0.0,0.0,0.0519162,-5.9522643,0.05006167,-5.9882665,0.04253578,-6.287766,0.04976108,-5.999098,0.044303227,-6.296027,0.049730256,-6.003166,0.060887042,-6.3106246,0.0501857,-5.9851403,0.045627475,-6.1752644,0.049968276,-5.9928284,0.05,0.05,100.0,240.0,158.2,1752.7599999999993,15820.0,200.0,,747,1000,984.83,1982.3011,98483,1000,
81,0,2819.9353942871094,81,28,146.64297,29.611374616622925,36.78073,0,0.0,0.0,0.05183514,-5.9522643,0.05006342,-5.9882665,0.0424533,-6.287766,0.04976878,-5.999098,0.044188537,-6.296027,0.049727835,-6.003166,0.059021357,-6.3106246,0.050189506,-5.9851403,0.04552367,-6.1752644,0.049968682,-5.9928284,0.05,0.05,40.0,260.0,161.6,2013.44,16160.0,180.0,,770,1000,992.28,1089.5416000000002,99228,1000,
82,0,2855.030914068222,82,5,147.53714,29.732341289520264,37.665512,0,0.0,0.0,0.051745556,-5.9522643,0.05006656,-5.9882665,0.042425383,-6.287766,0.049775485,-5.999098,0.04402006,-6.296027,0.049727585,-6.003166,0.057514295,-6.3106246,0.050194163,-5.9851403,0.045453653,-6.1752644,0.049968787,-5.9928284,0.05,0.05,80.0,260.0,160.2,1659.9600000000005,16020.0,220.0,,681,1000,984.15,2583.9075,98415,1000,
83,0,2890.2950110435486,83,16,148.43637,29.820996046066284,38.867043,0,0.0,0.0,0.05170026,-5.9522643,0.050067563,-5.9882665,0.04239024,-6.287766,0.049783032,-5.999098,0.0438364,-6.296027,0.049729865,-6.003166,0.05560477,-6.3106246,0.0501989,-5.9851403,0.045369595,-6.1752644,0.04996899,-5.9928284,0.05,0.05,100.0,240.0,165.0,1563.0,16500.0,200.0,,859,1000,993.21,784.0459000000001,99321,1000,
84,0,2925.187513589859,84,8,149.3457,29.661131381988525,39.91437,0,0.0,0.0,0.051626835,-5.9522643,0.050071705,-5.9882665,0.042415686,-6.287766,0.049791105,-5.999098,0.043689962,-6.296027,0.04972977,-6.003166,0.053974885,-6.3106246,0.050195895,-5.9851403,0.045322597,-6.1752644,0.04996825,-5.9928284,0.05,0.05,20.0,260.0,161.8,1928.7599999999993,16180.0,220.0,,842,1000,988.99,1040.1899,98899,1000,
85,0,2960.3548555374146,85,1,150.2653,29.849698305130005,40.723896,0,0.0,0.0,0.051557757,-5.9522643,0.05007714,-5.9882665,0.042542525,-6.287766,0.04979667,-5.999098,0.04353262,-6.296027,0.049728036,-6.003166,0.052799847,-6.3106246,0.050188694,-5.9851403,0.045323677,-6.1752644,0.04997018,-5.9928284,0.05,0.05,0.0,260.0,166.0,1764.0,16600.0,260.0,,687,1000,985.41,2259.1818999999996,98541,1000,
86,0,2995.8432664871216,86,2,151.20267,30.27391791343689,42.05454,0,0.0,0.0,0.051492184,-5.9522643,0.0500796,-5.9882665,0.042666875,-6.287766,0.049802218,-5.999098,0.04336545,-6.296027,0.049727492,-6.003166,0.051048767,-6.3106246,0.05019311,-5.9851403,0.045365937,-6.1752644,0.04997091,-5.9928284,0.05,0.05,0.0,260.0,161.4,1754.0399999999995,16140.0,240.0,,457,1000,985.17,4291.641099999999,98517,1000,
87,0,3030.13361620903,87,19,152.16083,29.00028944015503,43.39455,0,0.0,0.0,0.05141253,-5.9522643,0.050081328,-5.9882665,0.042802416,-6.287766,0.04980401,-5.999098,0.04319586,-6.296027,0.049723696,-6.003166,0.04936596,-6.3106246,0.05019257,-5.9851403,0.04537697,-6.1752644,0.04997135,-5.9928284,0.05,0.05,0.0,260.0,163.2,2245.7599999999993,16320.0,200.0,,646,1000,978.55,3833.7275,97855,972,
88,0,3064.7529571056366,88,6,153.14026,29.462995767593384,44.88874,0,0.0,0.0,0.051308114,-5.9522643,0.050080482,-5.9882665,0.042940743,-6.287766,0.049805578,-5.999098,0.043104317,-6.296027,0.049720213,-6.003166,0.047608793,-6.3106246,0.05018606,-5.9851403,0.045414843,-6.1752644,0.049971398,-5.9928284,0.05,0.05,80.0,260.0,171.6,1489.44,17160.0,220.0,,705,1000,985.84,2084.5344,98584,1000,
89,0,3099.57381606102,89,2,154.14665,29.59279179573059,46.29453,0,0.0,0.0,0.051176257,-5.9522643,0.050079048,-5.9882665,0.043056164,-6.287766,0.049806315,-5.999098,0.043053843,-6.296027,0.049718622,-6.003166,0.04606365,-6.3106246,0.050178606,-5.9851403,0.04548144,-6.1752644,0.04997043,-5.9928284,0.05,0.05,40.0,280.0,166.0,2124.0,16600.0,240.0,,631,1000,976.5,4868.91,97650,1000,
90,0,3133.773006916046,90,6,155.18683,28.975151777267456,48.014893,0,0.0,0.0,0.051066246,-5.9522643,0.05007998,-5.9882665,0.043100793,-6.287766,0.049807716,-5.999098,0.042970605,-6.296027,0.04971515,-6.003166,0.044346005,-6.3106246,0.050174717,-5.9851403,0.045542333,-6.1752644,0.049968097,-5.9928284,0.05,0.05,0.0,280.0,163.8,3029.56,16380.0,220.0,,507,1000,982.14,4081.8604000000005,98214,1000,
91,0,3167.595256090164,91,13,156.2622,28.259027242660522,49.83382,0,0.0,0.0,0.050989673,-5.96759,0.050080016,-5.9896026,0.043115057,-6.2998557,0.049809534,-5.998429,0.042937335,-6.2824497,0.049708314,-6.0035915,0.04262509,-6.565678,0.050158355,-5.9898343,0.04560982,-6.170082,0.049965914,-5.9924827,0.05,0.05,0.0,260.0,160.6,3131.64,16060.0,220.0,,514,1000,967.65,6533.987499999999,96765,1000,
92,0,3202.3928561210632,92,25,157.37991,29.573185920715332,51.27782,0,0.0,0.0,0.05091553,-5.96759,0.05007893,-5.9896026,0.043143272,-6.2998557,0.04981326,-5.998429,0.043007884,-6.2824497,0.049706973,-6.0035915,0.04139969,-6.565678,0.05014347,-5.9898343,0.04566794,-6.170082,0.04996618,-5.9924827,0.05,0.05,40.0,260.0,166.8,2529.7599999999993,16680.0,200.0,,566,1000,977.79,4415.025900000001,97779,938,
93,0,3236.9839968681335,93,60,158.54198,29.476531982421875,51.715324,0,0.0,0.0,0.05083464,-5.96759,0.050075207,-5.9896026,0.043162122,-6.2998557,0.049817976,-5.998429,0.043162122,-6.2824497,0.049710304,-6.0035915,0.040970318,-6.565678,0.050126877,-5.9898343,0.04570651,-6.170082,0.049968287,-5.9924827,0.05,0.05,0.0,260.0,172.0,2896.0,17200.0,160.0,,585,1000,972.22,5861.4316,97222,828,
94,0,3271.15536570549,94,11,159.75003,29.326388597488403,53.04365,0,0.0,0.0,0.05075948,-5.96759,0.050072424,-5.9896026,0.043152366,-6.2998557,0.04982356,-5.998429,0.04324732,-6.2824497,0.04970977,-6.0035915,0.039978527,-6.565678,0.05011629,-5.9898343,0.04574329,-6.170082,0.049968265,-5.9924827,0.05,0.05,0.0,260.0,164.2,2522.36,16420.0,220.0,,610,1000,976.01,4610.8899,97601,1000,
95,0,3304.6918654441833,95,35,161.00865,28.305108070373535,53.554077,0,0.0,0.0,0.050716307,-5.96759,0.050066896,-5.9896026,0.04310708,-6.2998557,0.04982773,-5.998429,0.043241493,-6.2824497,0.049706616,-6.0035915,0.039514203,-6.565678,0.05009831,-5.9898343,0.04575373,-6.170082,0.049968418,-5.9924827,0.05,0.05,20.0,260.0,169.0,2283.0,16900.0,180.0,,592,1000,961.5,9495.89,96150,1000,
96,0,3339.8155641555786,96,33,162.31732,29.90428400039673,54.043285,0,0.0,0.0,0.05069179,-5.96759,0.050059374,-5.9896026,0.043076176,-6.2998557,0.049829263,-5.998429,0.043268535,-6.2824497,0.049703192,-6.0035915,0.039152898,-6.565678,0.05008312,-5.9898343,0.045787495,-6.170082,0.049970824,-5.9924827,0.05,0.05,0.0,260.0,182.8,2280.16,18280.0,200.0,,837,1000,989.28,958.0215999999999,98928,1000,
97,0,3374.3850135803223,97,10,163.67323,29.04967474937439,54.49472,0,0.0,0.0,0.05065476,-5.96759,0.050055176,-5.9896026,0.043061133,-6.2998557,0.049831353,-5.998429,0.043310635,-6.2824497,0.049698938,-6.0035915,0.03878266,-6.565678,0.050072245,-5.9898343,0.04578591,-6.170082,0.04997187,-5.9924827,0.05,0.05,80.0,260.0,179.8,1459.9600000000005,17980.0,220.0,,713,1000,983.93,2279.5851,98393,1000,
98,0,3408.405286550522,98,19,165.07346,28.734421730041504,54.50003,0,0.0,0.0,0.050657228,-5.96759,0.050051965,-5.9896026,0.04301938,-6.2998557,0.049829748,-5.998429,0.043338925,-6.2824497,0.049694214,-6.0035915,0.03878179,-6.565678,0.050058432,-5.9898343,0.045768067,-6.170082,0.04997167,-5.9924827,0.05,0.05,0.0,260.0,171.0,2131.0,17100.0,200.0,,625,1000,982.21,3743.2859000000008,98221,998,
99,0,3443.331923007965,99,4,166.51682,29.614741802215576,55.178986,0,0.0,0.0,0.050630964,-5.96759,0.050049614,-5.9896026,0.04296155,-6.2998557,0.049828857,-5.998429,0.04329326,-6.2824497,0.049695965,-6.0035915,0.038318764,-6.565678,0.05004532,-5.9898343,0.04573627,-6.170082,0.049972504,-5.9924827,0.05,0.05,0.0,260.0,173.4,1736.4399999999996,17340.0,240.0,,768,1000,985.81,1857.0339000000001,98581,1000,
