,unp_rank,grad_norm,workertimes,n_reused,n_rejected,param_norm,walltimes,generations,baseline_mu,baseline_sigma,sigma,beta,lr_0,return_min,return_max,return_avg,return_var,return_sum,return_unp,return_val,observations_min,observations_max,observations_avg,observations_var,observations_sum,observations_unp,observations_val,accuracy_min,accuracy_max,accuracy_avg,accuracy_var,accuracy_sum,accuracy_unp,accuracy_val
0,75,0.24154809,5.337027072906494,0,0,14.148062,5.612622976303101,0,0.0,0.0,0.05,-5.9914646,0.05,-2.9275078773498535,-2.4713997840881348,-2.7036707401275635,0.00885072723031044,-270.3670654296875,-2.7633984,-2.7082713,1000,1000,1000.0,0.0,100000,1000,10000.0,0,0,0.0,0.0,0,0,0.0
1,76,0.24231312,3.0397095680236816,0,0,14.1465845,8.838134527206421,1,0.0,0.0,0.05,-5.9914646,0.05,-2.9421510696411133,-2.453420400619507,-2.686910629272461,0.009261208586394787,-268.6910705566406,-2.7427669,,1000,1000,1000.0,0.0,100000,1000,,0,0,0.0,0.0,0,0,
2,60,0.2430106,3.071320056915283,0,0,14.144643,12.090665102005005,2,0.0,0.0,0.05,-5.9914646,0.05,-2.967383623123169,-2.4145326614379883,-2.6967697143554688,0.010902678593993187,-269.6769714355469,-2.7278132,,1000,1000,1000.0,0.0,100000,1000,,0,0,0.0,0.0,0,0,
3,65,0.24319698,3.042452096939087,0,0,14.142254,15.309866666793823,3,0.0,0.0,0.05,-5.9914646,0.05,-2.9847872257232666,-2.4860634803771973,-2.689829111099243,0.010582271963357925,-268.98291015625,-2.726711,,1000,1000,1000.0,0.0,100000,1000,,0,0,0.0,0.0,0,0,
4,72,0.24364507,3.2431154251098633,0,0,14.139371,18.731274604797363,4,0.0,0.0,0.05,-5.9914646,0.05,-2.9151744842529297,-2.416322708129883,-2.686630964279175,0.00963589083403349,-268.6630859375,-2.7499511,,1000,1000,1000.0,0.0,100000,1000,,0,0,0.0,0.0,0,0,
5,50,0.24268858,3.063500165939331,0,0,14.136216,21.97755765914917,5,0.0,0.0,0.05,-5.9914646,0.05,-2.9709882736206055,-2.4247639179229736,-2.7029736042022705,0.011493564583361149,-270.29736328125,-2.7011242,,1000,1000,1000.0,0.0,100000,1000,,0,0,0.0,0.0,0,0,
6,43,0.24163619,2.9965593814849854,0,0,14.132594,25.14683747291565,6,0.0,0.0,0.05,-5.9914646,0.05,-2.9305975437164307,-2.4282491207122803,-2.695927143096924,0.009492581710219383,-269.59271240234375,-2.6809394,,1000,1000,1000.0,0.0,100000,1000,,0,0,0.0,0.0,0,0,
7,50,0.2450176,2.9764416217803955,0,0,14.128563,28.301219701766968,7,0.0,0.0,0.05,-5.9914646,0.05,-2.957277297973633,-2.4095072746276855,-2.683443307876587,0.011725311167538166,-268.3443298339844,-2.6838446,,1000,1000,1000.0,0.0,100000,1000,,0,0,0.0,0.0,0,0,
8,55,0.24509105,3.206937551498413,0,0,14.124159,31.68636202812195,8,0.0,0.0,0.05,-5.9914646,0.05,-3.0200538635253906,-2.379502534866333,-2.6873409748077393,0.014026403427124023,-268.7341003417969,-2.685393,,1000,1000,1000.0,0.0,100000,1000,,0,0,0.0,0.0,0,0,
9,34,0.24440455,3.112377643585205,0,0,14.1193075,34.98354911804199,9,0.0,0.0,0.05,-5.9914646,0.05,-2.914414882659912,-2.418609857559204,-2.6816017627716064,0.00999606866389513,-268.1601867675781,-2.6398735,,1000,1000,1000.0,0.0,100000,1000,,0,0,0.0,0.0,0,0,
10,37,0.24262048,3.066675901412964,0,0,14.114097,38.188849210739136,10,0.0,0.0,0.05,-5.9914646,0.05,-2.8584234714508057,-2.398303747177124,-2.665757179260254,0.009164132177829742,-266.5757141113281,-2.6563115,,1000,1000,1000.0,0.0,100000,1000,,0,0,0.0,0.0,0,0,
11,49,0.24327035,3.018324851989746,0,0,14.108714,41.37394165992737,11,0.0,0.0,0.05,-5.9914646,0.05,-3.0321919918060303,-2.4647164344787598,-2.6810576915740967,0.013032319955527782,-268.10577392578125,-2.6643772,,1000,1000,1000.0,0.0,100000,1000,,0,0,0.0,0.0,0,0,
12,56,0.24392153,3.0262906551361084,0,0,14.10322,44.57742500305176,12,0.0,0.0,0.05,-5.9914646,0.05,-2.9282124042510986,-2.3289871215820312,-2.6560094356536865,0.011825304478406906,-265.6009521484375,-2.6699128,,1000,1000,1000.0,0.0,100000,1000,,0,0,0.0,0.0,0,0,
13,54,0.24349979,3.228233575820923,0,0,14.097622,47.9837691783905,13,0.0,0.0,0.05,-5.9914646,0.05,-2.9315361976623535,-2.4440770149230957,-2.6704397201538086,0.013697686605155468,-267.0439758300781,-2.6668792,,1000,1000,1000.0,0.0,100000,1000,,0,0,0.0,0.0,0,0,
14,41,0.24237505,3.107442855834961,0,0,14.092025,51.2711284160614,14,0.0,0.0,0.05,-5.9914646,0.05,-3.040567636489868,-2.456759452819824,-2.664339065551758,0.012687277980148792,-266.43389892578125,-2.6272514,,1000,1000,1000.0,0.0,100000,1000,,0,0,0.0,0.0,0,0,
15,62,0.24285701,3.033158540725708,0,0,14.086275,54.48465180397034,15,0.0,0.0,0.05,-5.9914646,0.05,-2.8597006797790527,-2.4513776302337646,-2.6412415504455566,0.009598375298082829,-264.1241455078125,-2.669374,,1000,1000,1000.0,0.0,100000,1000,,0,0,0.0,0.0,0,0,
16,31,0.24370012,3.0761911869049072,0,0,14.080424,57.738372802734375,16,0.0,0.0,0.05,-5.9914646,0.05,-2.8837130069732666,-2.413846731185913,-2.644106388092041,0.007478298153728247,-264.41064453125,-2.5993078,,1000,1000,1000.0,0.0,100000,1000,,0,0,0.0,0.0,0,0,
17,55,0.24330658,3.1543819904327393,0,0,14.07447,61.06963491439819,17,0.0,0.0,0.05,-5.9914646,0.05,-2.917968273162842,-2.4274914264678955,-2.631556510925293,0.010056364350020885,-263.1556396484375,-2.6343591,,1000,1000,1000.0,0.0,100000,1000,,0,0,0.0,0.0,0,0,
18,21,0.243585,3.031399965286255,0,0,14.068366,64.27924156188965,18,0.0,0.0,0.05,-5.9914646,0.05,-2.9017295837402344,-2.3593859672546387,-2.640817880630493,0.011005444452166557,-264.081787109375,-2.5523932,,1000,1000,1000.0,0.0,100000,1000,,0,0,0.0,0.0,0,0,
19,35,0.24273106,3.195081949234009,0,0,14.062251,67.64039206504822,19,0.0,0.0,0.05,-5.9914646,0.05,-2.8783631324768066,-2.3146748542785645,-2.625458002090454,0.012556144967675209,-262.5458068847656,-2.5812593,,1000,1000,1000.0,0.0,100000,1000,,0,0,0.0,0.0,0,0,
20,29,0.24309796,2.9060041904449463,0,0,14.056297,70.71513867378235,20,0.0,0.0,0.05,-5.9914646,0.05,-2.8380606174468994,-2.450368642807007,-2.640610933303833,0.008023188449442387,-264.06109619140625,-2.5967362,,1000,1000,1000.0,0.0,100000,1000,,0,0,0.0,0.0,0,0,
21,25,0.24220335,2.9681217670440674,0,0,14.0502405,73.86352467536926,21,0.0,0.0,0.05,-5.9914646,0.05,-2.9472758769989014,-2.369935989379883,-2.60847544670105,0.011046003550291061,-260.8475341796875,-2.5410907,,1000,1000,1000.0,0.0,100000,1000,,0,0,0.0,0.0,0,0,
22,27,0.24286859,3.1941709518432617,0,0,14.044118,77.23331546783447,22,0.0,0.0,0.05,-5.9914646,0.05,-2.9165594577789307,-2.3203303813934326,-2.5994341373443604,0.010780795477330685,-259.94342041015625,-2.549,,1000,1000,1000.0,0.0,100000,1000,,0,0,0.0,0.0,0,0,
23,47,0.24378641,3.088625907897949,0,0,14.037887,80.49533128738403,23,0.0,0.0,0.05,-5.9914646,0.05,-2.8468430042266846,-2.3821401596069336,-2.610027551651001,0.009998769499361515,-261.00274658203125,-2.5994508,,1000,1000,1000.0,0.0,100000,1000,,0,0,0.0,0.0,0,0,
24,31,0.24166167,3.011970043182373,0,0,14.031613,83.68341135978699,24,0.0,0.0,0.05,-5.9914646,0.05,-2.8192050457000732,-2.3474862575531006,-2.6026837825775146,0.011661856435239315,-260.26837158203125,-2.5407624,,1000,1000,1000.0,0.0,100000,1000,,0,0,0.0,0.0,0,0,
25,7,0.24490431,5.937182903289795,0,0,14.0253525,89.80046796798706,25,0.0,0.0,0.05,-5.9914646,0.05,-2.8767199516296387,-2.3836007118225098,-2.5914411544799805,0.008170366287231445,-259.14410400390625,-2.4697971,-2.50071,1000,1000,1000.0,0.0,100000,1000,10000.0,0,0,0.0,0.0,0,0,0.0
26,37,0.24341194,3.1145689487457275,0,0,14.018972,93.09175229072571,26,0.0,0.0,0.05,-5.9914646,0.05,-2.807589292526245,-2.3323233127593994,-2.5707569122314453,0.009032677859067917,-257.07568359375,-2.5261984,,1000,1000,1000.0,0.0,100000,1000,,0,0,0.0,0.0,0,0,
27,25,0.24459556,3.2209110260009766,0,0,14.012566,96.48689413070679,27,0.0,0.0,0.05,-5.9914646,0.05,-2.8463478088378906,-2.3242580890655518,-2.583585500717163,0.012112254276871681,-258.3585510253906,-2.4899774,,1000,1000,1000.0,0.0,100000,1000,,0,0,0.0,0.0,0,0,
28,12,0.24342684,3.1253764629364014,0,0,14.006102,99.78612852096558,28,0.0,0.0,0.05,-5.9914646,0.05,-2.8099355697631836,-2.3745856285095215,-2.5796399116516113,0.008802172727882862,-257.9639892578125,-2.4510636,,1000,1000,1000.0,0.0,100000,1000,,0,0,0.0,0.0,0,0,
29,12,0.24205211,3.1561338901519775,0,0,13.999696,103.15132808685303,29,0.0,0.0,0.05,-5.9914646,0.05,-2.8010056018829346,-2.30989146232605,-2.5771172046661377,0.00828529056161642,-257.71173095703125,-2.4718986,,1000,1000,1000.0,0.0,100000,1000,,0,0,0.0,0.0,0,0,
30,8,0.24308316,3.1393418312072754,0,0,13.993251,106.46964359283447,30,0.0,0.0,0.05,-5.9914646,0.05,-2.80580997467041,-2.3952603340148926,-2.569793462753296,0.008968286216259003,-256.9793395996094,-2.4284003,,1000,1000,1000.0,0.0,100000,1000,,0,0,0.0,0.0,0,0,
31,17,0.24199705,3.3783493041992188,0,0,13.986668,110.02678751945496,31,0.0,0.0,0.05,-5.9914646,0.05,-2.836820125579834,-2.3740146160125732,-2.5657777786254883,0.009383170865476131,-256.5777893066406,-2.457248,,1000,1000,1000.0,0.0,100000,1000,,0,0,0.0,0.0,0,0,
32,18,0.24572098,3.1781914234161377,0,0,13.9800205,113.38096022605896,32,0.0,0.0,0.05,-5.9914646,0.05,-2.8693065643310547,-2.346575975418091,-2.5421881675720215,0.010882431641221046,-254.21881103515625,-2.44589,,1000,1000,1000.0,0.0,100000,1000,,0,0,0.0,0.0,0,0,
33,12,0.24401481,3.1861443519592285,0,0,13.973415,116.74218726158142,33,0.0,0.0,0.05,-5.9914646,0.05,-2.9112138748168945,-2.2676661014556885,-2.552189350128174,0.010612661950290203,-255.21893310546875,-2.4132721,,1000,1000,1000.0,0.0,100000,1000,,0,0,0.0,0.0,0,0,
34,7,0.24276216,2.9307680130004883,0,0,13.966932,119.85301804542542,34,0.0,0.0,0.05,-5.9914646,0.05,-2.8151116371154785,-2.320695638656616,-2.5315208435058594,0.010468091815710068,-253.15208435058594,-2.3612752,,1000,1000,1000.0,0.0,100000,1000,,0,0,0.0,0.0,0,0,
35,17,0.24145971,3.2110562324523926,0,0,13.96059,123.2504894733429,35,0.0,0.0,0.05,-5.9914646,0.05,-2.737809419631958,-2.2708780765533447,-2.5215277671813965,0.008267691358923912,-252.15277099609375,-2.4259634,,1000,1000,1000.0,0.0,100000,1000,,0,0,0.0,0.0,0,0,
36,10,0.24159613,2.897789478302002,0,0,13.954278,126.31426429748535,36,0.0,0.0,0.05,-5.9914646,0.05,-2.7296700477600098,-2.2461507320404053,-2.502459764480591,0.008141735568642616,-250.24598693847656,-2.382969,,1000,1000,1000.0,0.0,100000,1000,,0,0,0.0,0.0,0,0,
37,11,0.24356085,3.2609941959381104,0,0,13.947886,129.74658918380737,37,0.0,0.0,0.05,-5.9914646,0.05,-2.744614362716675,-2.3241264820098877,-2.530745029449463,0.008660370483994484,-253.0745086669922,-2.3955886,,1000,1000,1000.0,0.0,100000,1000,,0,0,0.0,0.0,0,0,
38,5,0.24213552,3.3777127265930176,0,0,13.941452,133.30036044120789,38,0.0,0.0,0.05,-5.9914646,0.05,-2.7747080326080322,-2.3174357414245605,-2.5300562381744385,0.010319496504962444,-253.00563049316406,-2.3611734,,1000,1000,1000.0,0.0,100000,1000,,0,0,0.0,0.0,0,0,
39,13,0.24459392,3.207404613494873,0,0,13.934922,136.681702375412,39,0.0,0.0,0.05,-5.9914646,0.05,-2.808805227279663,-2.3131330013275146,-2.5078394412994385,0.010159616358578205,-250.783935546875,-2.3894622,,1000,1000,1000.0,0.0,100000,1000,,0,0,0.0,0.0,0,0,
40,4,0.2447618,3.1362171173095703,0,0,13.928459,139.98858833312988,40,0.0,0.0,0.05,-5.9914646,0.05,-2.695145606994629,-2.3088936805725098,-2.512258768081665,0.008183877915143967,-251.2258758544922,-2.3400621,,1000,1000,1000.0,0.0,100000,1000,,0,0,0.0,0.0,0,0,
41,11,0.2424171,3.292534351348877,0,0,13.921923,143.45378351211548,41,0.0,0.0,0.05,-5.9914646,0.05,-2.7969584465026855,-2.2270658016204834,-2.4991114139556885,0.010231724008917809,-249.9111328125,-2.3568377,,1000,1000,1000.0,0.0,100000,1000,,0,0,0.0,0.0,0,0,
42,8,0.24275872,3.2041444778442383,0,0,13.915635,146.83392763137817,42,0.0,0.0,0.05,-5.9914646,0.05,-2.7262799739837646,-2.2619528770446777,-2.485308885574341,0.009082362987101078,-248.53089904785156,-2.3468354,,1000,1000,1000.0,0.0,100000,1000,,0,0,0.0,0.0,0,0,
43,7,0.24428989,3.020075798034668,0,0,13.909407,150.03056740760803,43,0.0,0.0,0.05,-5.9914646,0.05,-2.7344958782196045,-2.2241005897521973,-2.486246109008789,0.01125163771212101,-248.62461853027344,-2.3240523,,1000,1000,1000.0,0.0,100000,1000,,0,0,0.0,0.0,0,0,
44,1,0.2425521,3.245999813079834,0,0,13.903195,153.45229148864746,44,0.0,0.0,0.05,-5.9914646,0.05,-2.7962870597839355,-2.3122479915618896,-2.4901742935180664,0.008742795325815678,-249.01742553710938,-2.3052692,,1000,1000,1000.0,0.0,100000,1000,,0,0,0.0,0.0,0,0,
45,6,0.2459974,3.10831356048584,0,0,13.8970785,156.73115730285645,45,0.0,0.0,0.05,-5.9914646,0.05,-2.806671142578125,-2.251152515411377,-2.4651918411254883,0.010490813292562962,-246.51919555664062,-2.2932236,,1000,1000,1000.0,0.0,100000,1000,,0,0,0.0,0.0,0,0,
46,2,0.2451117,3.3185887336730957,0,0,13.89081,160.22354912757874,46,0.0,0.0,0.05,-5.9914646,0.05,-2.7036943435668945,-2.223167896270752,-2.4727587699890137,0.008630314841866493,-247.27587890625,-2.2462194,,1000,1000,1000.0,0.0,100000,1000,,0,0,0.0,0.0,0,0,
47,3,0.24242285,3.2337512969970703,0,0,13.884487,163.6313931941986,47,0.0,0.0,0.05,-5.9914646,0.05,-2.7037391662597656,-2.229713201522827,-2.450678586959839,0.009143300354480743,-245.06785583496094,-2.2403533,,1000,1000,1000.0,0.0,100000,1000,,0,0,0.0,0.0,0,0,
48,2,0.24167682,3.2201550006866455,0,0,13.878103,167.02546072006226,48,0.0,0.0,0.05,-5.9914646,0.05,-2.7386984825134277,-2.2199203968048096,-2.4665064811706543,0.00914560817182064,-246.65065002441406,-2.2823982,,1000,1000,1000.0,0.0,100000,1000,,0,0,0.0,0.0,0,0,
49,3,0.24252388,3.2244131565093994,0,0,13.871717,170.4240620136261,49,0.0,0.0,0.05,-5.9914646,0.05,-2.7793447971343994,-2.2145814895629883,-2.4586598873138428,0.009033847600221634,-245.86598205566406,-2.2562695,,1000,1000,1000.0,0.0,100000,1000,,0,0,0.0,0.0,0,0,
50,3,0.2435466,5.748354196548462,0,0,13.865244,176.34893655776978,50,0.0,0.0,0.05,-5.9914646,0.05,-2.6789722442626953,-2.1542623043060303,-2.449228048324585,0.009292674250900745,-244.9228057861328,-2.2306147,-2.2247689,1000,1000,1000.0,0.0,100000,1000,10000.0,0,0,0.0,0.0,0,0,0.0
51,2,0.24166572,3.4094691276550293,0,0,13.858662,179.9331624507904,51,0.0,0.0,0.05,-5.9914646,0.05,-2.6661365032196045,-2.2282793521881104,-2.4417219161987305,0.00804799422621727,-244.1721954345703,-2.2287323,,1000,1000,1000.0,0.0,100000,1000,,0,0,0.0,0.0,0,0,
52,2,0.245296,3.327767848968506,0,0,13.852025,183.43460512161255,52,0.0,0.0,0.05,-5.9914646,0.05,-2.6648964881896973,-2.216092109680176,-2.422389507293701,0.008648507297039032,-242.23895263671875,-2.2251022,,1000,1000,1000.0,0.0,100000,1000,,0,0,0.0,0.0,0,0,
53,2,0.24197368,3.5260655879974365,0,0,13.845403,187.13496088981628,53,0.0,0.0,0.05,-5.9914646,0.05,-2.639646530151367,-2.155937910079956,-2.420212984085083,0.007928340695798397,-242.02130126953125,-2.202346,,1000,1000,1000.0,0.0,100000,1000,,0,0,0.0,0.0,0,0,
54,3,0.24310134,3.409358501434326,0,0,13.838865,190.67782831192017,54,0.0,0.0,0.05,-5.9914646,0.05,-2.629310131072998,-2.1980695724487305,-2.412155866622925,0.0070619662292301655,-241.21559143066406,-2.2188025,,1000,1000,1000.0,0.0,100000,1000,,0,0,0.0,0.0,0,0,
55,5,0.24374299,3.323740005493164,0,0,13.832427,194.17592430114746,55,0.0,0.0,0.05,-5.9914646,0.05,-2.604325532913208,-2.086179733276367,-2.388369083404541,0.01094665564596653,-238.8369140625,-2.2159047,,1000,1000,1000.0,0.0,100000,1000,,0,0,0.0,0.0,0,0,
56,2,0.24440505,3.2341933250427246,0,0,13.826149,197.58421087265015,56,0.0,0.0,0.05,-5.9914646,0.05,-2.6426117420196533,-2.115705728530884,-2.420536994934082,0.009101826697587967,-242.0537109375,-2.1480508,,1000,1000,1000.0,0.0,100000,1000,,0,0,0.0,0.0,0,0,
57,2,0.24078803,3.3709423542022705,0,0,13.819844,201.12927389144897,57,0.0,0.0,0.05,-5.9914646,0.05,-2.6636223793029785,-2.174285411834717,-2.402263879776001,0.00973871722817421,-240.22637939453125,-2.196472,,1000,1000,1000.0,0.0,100000,1000,,0,0,0.0,0.0,0,0,
58,1,0.2433382,3.5460073947906494,0,0,13.813509,204.81108593940735,58,0.0,0.0,0.05,-5.9914646,0.05,-2.5678601264953613,-2.2069320678710938,-2.389655828475952,0.007984593510627747,-238.96559143066406,-2.129549,,1000,1000,1000.0,0.0,100000,1000,,0,0,0.0,0.0,0,0,
59,1,0.24191663,3.40071177482605,0,0,13.807246,208.38740921020508,59,0.0,0.0,0.05,-5.9914646,0.05,-2.6392390727996826,-2.2040815353393555,-2.394967794418335,0.008108910173177719,-239.4967803955078,-2.165655,,1000,1000,1000.0,0.0,100000,1000,,0,0,0.0,0.0,0,0,
60,1,0.24325988,3.3933868408203125,0,0,13.801012,211.9553370475769,60,0.0,0.0,0.05,-5.9914646,0.05,-2.565365791320801,-2.198246717453003,-2.3740286827087402,0.007574220187962055,-237.4028778076172,-2.161378,,1000,1000,1000.0,0.0,100000,1000,,0,0,0.0,0.0,0,0,
61,1,0.24359165,3.4069132804870605,0,0,13.794658,215.53717017173767,61,0.0,0.0,0.05,-5.9914646,0.05,-2.6205811500549316,-2.171113967895508,-2.393292188644409,0.008143886923789978,-239.32920837402344,-2.117931,,1000,1000,1000.0,0.0,100000,1000,,0,0,0.0,0.0,0,0,
62,1,0.24389742,3.4666192531585693,0,0,13.788205,219.17755103111267,62,0.0,0.0,0.05,-5.9914646,0.05,-2.6063246726989746,-2.1850202083587646,-2.372642755508423,0.007565315347164869,-237.2642822265625,-2.1098847,,1000,1000,1000.0,0.0,100000,1000,,0,0,0.0,0.0,0,0,
63,1,0.2426051,2.911288022994995,0,0,13.781781,222.229079246521,63,0.0,0.0,0.05,-5.9914646,0.05,-2.5838782787323,-2.138314723968506,-2.3609282970428467,0.007251984905451536,-236.09283447265625,-2.103544,,1000,1000,1000.0,0.0,100000,1000,,0,0,0.0,0.0,0,0,
64,1,0.24173695,3.2000558376312256,0,0,13.775272,225.59967398643494,64,0.0,0.0,0.05,-5.9914646,0.05,-2.552762746810913,-2.1829538345336914,-2.3486852645874023,0.005822060629725456,-234.86851501464844,-2.0786784,,1000,1000,1000.0,0.0,100000,1000,,0,0,0.0,0.0,0,0,
65,1,0.24244739,3.032268762588501,0,0,13.768868,228.80043983459473,65,0.0,0.0,0.05,-5.9914646,0.05,-2.59368896484375,-2.186302900314331,-2.3658854961395264,0.008224629797041416,-236.5885467529297,-2.0638523,,1000,1000,1000.0,0.0,100000,1000,,0,0,0.0,0.0,0,0,
66,1,0.24378198,3.0221009254455566,0,0,13.762427,231.99309992790222,66,0.0,0.0,0.05,-5.9914646,0.05,-2.5538442134857178,-2.1389124393463135,-2.344050645828247,0.009031570516526699,-234.4050750732422,-2.1146097,,1000,1000,1000.0,0.0,100000,1000,,0,0,0.0,0.0,0,0,
67,1,0.24279445,3.656869888305664,0,0,13.75587,235.82051634788513,67,0.0,0.0,0.05,-5.9914646,0.05,-2.609484910964966,-2.139606475830078,-2.342078685760498,0.008103698492050171,-234.20787048339844,-2.046797,,1000,1000,1000.0,0.0,100000,1000,,0,0,0.0,0.0,0,0,
68,1,0.24339987,3.2469303607940674,0,0,13.749365,239.24284029006958,68,0.0,0.0,0.05,-5.9914646,0.05,-2.566115379333496,-2.084287643432617,-2.3431434631347656,0.007599020376801491,-234.31434631347656,-2.0747626,,1000,1000,1000.0,0.0,100000,1000,,0,0,0.0,0.0,0,0,
69,1,0.24315584,3.475541114807129,0,0,13.742971,242.8935625553131,69,0.0,0.0,0.05,-5.9914646,0.05,-2.5287885665893555,-2.0724401473999023,-2.32730770111084,0.007664424832910299,-232.7307586669922,-2.0336778,,1000,1000,1000.0,0.0,100000,1000,,0,0,0.0,0.0,0,0,
70,1,0.24123201,3.4197661876678467,0,0,13.7365465,246.4894573688507,70,0.0,0.0,0.05,-5.9914646,0.05,-2.589244842529297,-2.1461052894592285,-2.3340611457824707,0.008538557216525078,-233.40611267089844,-2.0230763,,1000,1000,1000.0,0.0,100000,1000,,0,0,0.0,0.0,0,0,
71,2,0.2427715,3.228360414505005,0,0,13.730159,249.88915872573853,71,0.0,0.0,0.05,-5.9914646,0.05,-2.544254779815674,-2.0717544555664062,-2.3284311294555664,0.010159293189644814,-232.84310913085938,-2.0754166,,1000,1000,1000.0,0.0,100000,1000,,0,0,0.0,0.0,0,0,
72,1,0.24450326,3.4271011352539062,0,0,13.7238245,253.49347448349,72,0.0,0.0,0.05,-5.9914646,0.05,-2.518057346343994,-2.1145620346069336,-2.313647985458374,0.007210484240204096,-231.3647918701172,-2.018768,,1000,1000,1000.0,0.0,100000,1000,,0,0,0.0,0.0,0,0,
73,1,0.24249686,3.5452229976654053,0,0,13.717395,257.21290493011475,73,0.0,0.0,0.05,-5.9914646,0.05,-2.571868658065796,-2.1000630855560303,-2.313692092895508,0.00839047972112894,-231.36920166015625,-2.0425398,,1000,1000,1000.0,0.0,100000,1000,,0,0,0.0,0.0,0,0,
74,1,0.2437077,3.4376938343048096,0,0,13.710948,260.82579946517944,74,0.0,0.0,0.05,-5.9914646,0.05,-2.5207695960998535,-2.1031603813171387,-2.3059046268463135,0.006287131924182177,-230.59046936035156,-1.9817882,,1000,1000,1000.0,0.0,100000,1000,,0,0,0.0,0.0,0,0,
75,1,0.24409091,6.38874888420105,0,0,13.704537,267.3936595916748,75,0.0,0.0,0.05,-5.9914646,0.05,-2.4869112968444824,-2.1436586380004883,-2.3120276927948,0.006744673941284418,-231.2027587890625,-2.0086484,-1.9875109,1000,1000,1000.0,0.0,100000,1000,10000.0,0,0,0.0,0.0,0,0,0.0
76,1,0.24421678,3.009694814682007,0,0,13.697963,270.5748529434204,76,0.0,0.0,0.05,-5.9914646,0.05,-2.6045944690704346,-2.0714383125305176,-2.28266978263855,0.007994384504854679,-228.26698303222656,-1.9674796,,1000,1000,1000.0,0.0,100000,1000,,0,0,0.0,0.0,0,0,
77,1,0.24257082,3.573099374771118,0,0,13.69144,274.3226869106293,77,0.0,0.0,0.05,-5.9914646,0.05,-2.5071675777435303,-2.060622453689575,-2.3048717975616455,0.006916970480233431,-230.4871826171875,-1.9774741,,1000,1000,1000.0,0.0,100000,1000,,0,0,0.0,0.0,0,0,
78,1,0.24532726,3.495558261871338,0,0,13.684889,277.9927816390991,78,0.0,0.0,0.05,-5.9914646,0.05,-2.4712071418762207,-2.076906681060791,-2.2874796390533447,0.0063827610574662685,-228.74795532226562,-1.9821738,,1000,1000,1000.0,0.0,100000,1000,,0,0,0.0,0.0,0,0,
79,1,0.24364068,3.4492857456207275,0,0,13.678354,281.61427545547485,79,0.0,0.0,0.05,-5.9914646,0.05,-2.4812161922454834,-2.006453037261963,-2.282621145248413,0.006876117549836636,-228.26211547851562,-1.9660589,,1000,1000,1000.0,0.0,100000,1000,,0,0,0.0,0.0,0,0,
80,1,0.24464263,3.1520023345947266,0,0,13.67181,284.9400589466095,80,0.0,0.0,0.05,-5.9914646,0.05,-2.470670700073242,-2.0243618488311768,-2.2927815914154053,0.007026748266071081,-229.27816772460938,-1.966942,,1000,1000,1000.0,0.0,100000,1000,,0,0,0.0,0.0,0,0,
81,1,0.24353443,3.5066590309143066,0,0,13.665159,288.6242048740387,81,0.0,0.0,0.05,-5.9914646,0.05,-2.506119966506958,-2.032349109649658,-2.278061628341675,0.010077484883368015,-227.80616760253906,-1.9269224,,1000,1000,1000.0,0.0,100000,1000,,0,0,0.0,0.0,0,0,
82,1,0.24086708,3.4406652450561523,0,0,13.658397,292.2428047657013,82,0.0,0.0,0.05,-5.9914646,0.05,-2.492894172668457,-2.057771682739258,-2.2674129009246826,0.0059852381236851215,-226.7412872314453,-1.928004,,1000,1000,1000.0,0.0,100000,1000,,0,0,0.0,0.0,0,0,
83,1,0.24197112,3.3779890537261963,0,0,13.651699,295.7999360561371,83,0.0,0.0,0.05,-5.9914646,0.05,-2.4518139362335205,-2.062528133392334,-2.2541356086730957,0.007526523433625698,-225.41355895996094,-1.970797,,1000,1000,1000.0,0.0,100000,1000,,0,0,0.0,0.0,0,0,
84,1,0.24197498,3.321345329284668,0,0,13.644989,299.29413199424744,84,0.0,0.0,0.05,-5.9914646,0.05,-2.457881212234497,-2.076827049255371,-2.2696101665496826,0.007258100900799036,-226.9610137939453,-1.956443,,1000,1000,1000.0,0.0,100000,1000,,0,0,0.0,0.0,0,0,
85,1,0.24451734,3.014465570449829,0,0,13.638328,302.4472119808197,85,0.0,0.0,0.05,-5.9914646,0.05,-2.4980556964874268,-2.0078933238983154,-2.2481353282928467,0.007786889560520649,-224.8135223388672,-1.9319345,,1000,1000,1000.0,0.0,100000,1000,,0,0,0.0,0.0,0,0,
86,1,0.24373002,3.7215428352355957,0,0,13.631609,306.34379863739014,86,0.0,0.0,0.05,-5.9914646,0.05,-2.531907320022583,-2.057983160018921,-2.2660555839538574,0.00831637904047966,-226.60556030273438,-1.9293987,,1000,1000,1000.0,0.0,100000,1000,,0,0,0.0,0.0,0,0,
87,1,0.24454135,4.096928834915161,0,0,13.624926,310.6167595386505,87,0.0,0.0,0.05,-5.9914646,0.05,-2.4778435230255127,-1.9531848430633545,-2.231682777404785,0.008205359801650047,-223.1682891845703,-1.9251941,,1000,1000,1000.0,0.0,100000,1000,,0,0,0.0,0.0,0,0,
88,1,0.24237749,3.5817692279815674,0,0,13.618302,314.37106442451477,88,0.0,0.0,0.05,-5.9914646,0.05,-2.4824178218841553,-2.0360450744628906,-2.241356372833252,0.008001445792615414,-224.13563537597656,-1.8944662,,1000,1000,1000.0,0.0,100000,1000,,0,0,0.0,0.0,0,0,
89,1,0.24269444,3.4888978004455566,0,0,13.611731,317.9937047958374,89,0.0,0.0,0.05,-5.9914646,0.05,-2.458225727081299,-1.9403480291366577,-2.228433132171631,0.009558910503983498,-222.84332275390625,-1.937524,,1000,1000,1000.0,0.0,100000,1000,,0,0,0.0,0.0,0,0,
90,1,0.2426457,3.3545916080474854,0,0,13.605201,321.5251874923706,90,0.0,0.0,0.05,-5.9914646,0.05,-2.431067943572998,-2.045222759246826,-2.244851589202881,0.00784103013575077,-224.48516845703125,-1.9101372,,1000,1000,1000.0,0.0,100000,1000,,0,0,0.0,0.0,0,0,
91,1,0.2420785,3.562093496322632,0,0,13.598681,325.26382064819336,91,0.0,0.0,0.05,-5.9914646,0.05,-2.4092321395874023,-2.0279603004455566,-2.214585542678833,0.006220018956810236,-221.45855712890625,-1.8911875,,1000,1000,1000.0,0.0,100000,1000,,0,0,0.0,0.0,0,0,
92,1,0.24179798,3.548325300216675,0,0,13.592149,328.9870607852936,92,0.0,0.0,0.05,-5.9914646,0.05,-2.3758113384246826,-1.986486792564392,-2.217120409011841,0.007033386267721653,-221.71205139160156,-1.8791981,,1000,1000,1000.0,0.0,100000,1000,,0,0,0.0,0.0,0,0,
93,1,0.2421738,3.649358034133911,0,0,13.585637,332.8067660331726,93,0.0,0.0,0.05,-5.9914646,0.05,-2.4294419288635254,-2.0291707515716553,-2.223151922225952,0.008786079473793507,-222.315185546875,-1.9048758,,1000,1000,1000.0,0.0,100000,1000,,0,0,0.0,0.0,0,0,
94,1,0.24096258,3.788503408432007,0,0,13.579274,336.76594066619873,94,0.0,0.0,0.05,-5.9914646,0.05,-2.444568395614624,-2.026007652282715,-2.2144064903259277,0.007555360905826092,-221.44064331054688,-1.85661,,1000,1000,1000.0,0.0,100000,1000,,0,0,0.0,0.0,0,0,
95,1,0.24056241,3.536184549331665,0,0,13.572884,340.47277903556824,95,0.0,0.0,0.05,-5.9914646,0.05,-2.4556267261505127,-1.9788990020751953,-2.2005319595336914,0.006722280755639076,-220.05319213867188,-1.8442242,,1000,1000,1000.0,0.0,100000,1000,,0,0,0.0,0.0,0,0,
96,1,0.24189879,3.6835503578186035,0,0,13.566474,344.3315005302429,96,0.0,0.0,0.05,-5.9914646,0.05,-2.4104692935943604,-2.0346028804779053,-2.194410800933838,0.006954296957701445,-219.44107055664062,-1.8638867,,1000,1000,1000.0,0.0,100000,1000,,0,0,0.0,0.0,0,0,
97,1,0.2428798,3.6047797203063965,0,0,13.560029,348.106032371521,97,0.0,0.0,0.05,-5.9914646,0.05,-2.379441976547241,-1.994417667388916,-2.2097158432006836,0.0055038537830114365,-220.97157287597656,-1.8391802,,1000,1000,1000.0,0.0,100000,1000,,0,0,0.0,0.0,0,0,
98,1,0.24189787,3.685743808746338,0,0,13.5536,351.96693444252014,98,0.0,0.0,0.05,-5.9914646,0.05,-2.3909661769866943,-1.9045475721359253,-2.186659812927246,0.006461146287620068,-218.66598510742188,-1.8330461,,1000,1000,1000.0,0.0,100000,1000,,0,0,0.0,0.0,0,0,
99,1,0.24222998,3.722743272781372,0,0,13.54714,355.86463952064514,99,0.0,0.0,0.05,-5.9914646,0.05,-2.3571274280548096,-2.005422830581665,-2.202503204345703,0.006294110789895058,-220.2503204345703,-1.8667765,,1000,1000,1000.0,0.0,100000,1000,,0,0,0.0,0.0,0,0,
