,grad_norm,n_reused,unp_rank,walltimes,generations,n_rejected,param_norm,workertimes,baseline_mu,baseline_sigma,sigma_avg,beta_avg,sigma_min,beta_min,sigma_max,beta_max,sigma_med,beta_med,sigma_std,beta_std,lr_0,lr_1,return_min,return_max,return_avg,return_var,return_sum,return_unp,return_val,observations_min,observations_max,observations_avg,observations_var,observations_sum,observations_unp,observations_val
0,2.2659855,0,16,69.5878496170044,0,0,32.12806,27.25067925453186,47.799686431884766,95.56877899169922,0.050026566,-5.9904022216796875,0.05,-5.991464614868164,0.05,-5.991464614868164,0.05,-5.991464614868164,0.0,6.0271e-06,1.0,1.0,0.0,200.0,47.8,3439.1600000000008,4780.0,120.0,,512,1000,933.2,14481.36,93320,908,
1,2.1885247,0,2,136.42473936080933,1,0,32.34684,27.42316436767578,43.39262771606445,86.76604461669922,0.050026566,-5.9904022216796875,0.04999925,-5.991494655609131,0.050001238,-5.991415023803711,0.049999986,-5.991465091705322,1.5069027e-07,1.1467663e-05,1.0,1.0,0.0,220.0,43.4,3624.4399999999996,4340.0,180.0,,410,1000,934.74,14157.8324,93474,1000,
2,2.4936082,0,2,203.77234363555908,2,0,32.838963,27.95096230506897,60.19697952270508,120.3873291015625,0.050026566,-5.9904022216796875,0.049998615,-5.991519927978516,0.05000236,-5.99137020111084,0.049999986,-5.991465091705322,2.8669567e-07,1.638705e-05,1.0,1.0,0.0,200.0,60.2,3811.9599999999987,6020.0,180.0,,576,1000,931.53,13686.869099999996,93153,1000,
3,2.360322,0,2,270.1819152832031,3,0,33.67043,26.885915756225586,52.21493911743164,104.45893859863281,0.050026566,-5.9904022216796875,0.04999802,-5.991543769836426,0.05000341,-5.991328239440918,0.049999986,-5.991465091705322,4.0967765e-07,2.084047e-05,1.0,1.0,0.0,200.0,52.2,3623.160000000001,5220.0,160.0,,547,1000,926.13,14626.7131,92613,982,
4,2.495135,0,2,337.5029149055481,4,0,34.86248,27.69236397743225,55.593299865722656,111.14278411865234,0.050026562,-5.9904022216796875,0.049997482,-5.991565227508545,0.050004337,-5.991291046142578,0.049999975,-5.9914655685424805,5.210118e-07,2.487498e-05,1.0,1.0,0.0,180.0,55.6,3228.64,5560.0,160.0,,576,1000,919.05,15438.6675,91905,985,
5,2.4936657,0,7,403.64921021461487,5,0,36.415344,26.411277294158936,74.60199737548828,149.2211151123047,0.05002656,-5.990402698516846,0.049997006,-5.991584300994873,0.05000517,-5.991257667541504,0.049999975,-5.9914655685424805,6.218755e-07,2.8533213e-05,1.0,1.0,0.0,220.0,74.6,4438.839999999999,7460.0,160.0,,559,1000,913.48,15111.3496,91348,974,
6,2.4942334,0,4,469.97239804267883,6,0,38.29699,26.537667512893677,67.60227966308594,135.1641082763672,0.05002656,-5.990402698516846,0.04999659,-5.99160099029541,0.05000591,-5.991228103637695,0.049999975,-5.9914655685424805,7.133308e-07,3.1850435e-05,1.0,1.0,0.0,180.0,67.6,3766.24,6760.0,160.0,,452,1000,899.95,18048.2875,89995,991,
7,2.3603716,0,9,537.1087715625763,7,0,40.45477,27.57074809074402,84.19795227050781,168.39520263671875,0.05002656,-5.990402698516846,0.04999623,-5.991615295410156,0.050006557,-5.991202354431152,0.049999963,-5.991466045379639,7.9626113e-07,3.4870704e-05,1.0,1.0,0.0,220.0,84.2,4818.36,8420.0,160.0,,444,1000,927.08,14448.7136,92708,980,
8,2.4653876,0,8,603.9101855754852,8,0,42.83179,27.232128143310547,92.1935806274414,184.39675903320312,0.05002655,-5.990402698516846,0.049995895,-5.991628646850586,0.050007164,-5.991178035736084,0.049999963,-5.991466045379639,8.717668e-07,3.765612e-05,1.0,1.0,0.0,240.0,92.2,3895.1600000000008,9220.0,160.0,,579,1000,905.11,14624.957900000001,90511,963,
9,2.4945736,0,9,670.8866708278656,9,0,45.37903,26.747541189193726,102.40044403076172,204.73997497558594,0.05002656,-5.990402698516846,0.04999553,-5.99164342880249,0.050007723,-5.991155624389648,0.049999963,-5.991466045379639,9.4140006e-07,4.0277064e-05,1.0,1.0,0.0,220.0,102.4,4506.240000000002,10240.0,160.0,,521,1000,920.72,13961.001600000001,92072,963,
10,2.49483,0,10,738.0138988494873,10,0,48.05695,28.0142924785614,124.80155181884766,249.67640686035156,0.05002656,-5.990402698516846,0.0499951,-5.9916605949401855,0.050008226,-5.991135597229004,0.049999963,-5.991466045379639,1.0069244e-06,4.27981e-05,1.0,1.0,0.0,220.0,124.8,3408.9599999999987,12480.0,160.0,,639,1000,941.63,8854.313099999998,94163,986,
11,2.4949226,0,10,805.244072675705,11,0,50.832806,27.875737190246582,123.40396118164062,246.76036071777344,0.05002656,-5.990402698516846,0.049994767,-5.991673946380615,0.05000864,-5.991118907928467,0.049999963,-5.991466045379639,1.0699495e-06,4.5269288e-05,1.0,1.0,0.0,220.0,123.4,3040.44,12340.0,160.0,,676,1000,937.24,8841.1624,93724,986,
12,2.4927092,0,5,872.3332245349884,12,0,53.66918,27.42559289932251,128.00634765625,256.11865234375,0.05002656,-5.990402698516846,0.049994443,-5.991686820983887,0.050009046,-5.991102695465088,0.049999963,-5.991466045379639,1.1317304e-06,4.7718266e-05,1.0,1.0,0.0,200.0,128.0,2640.0,12800.0,160.0,,559,1000,934.24,11004.0824,93424,979,
13,2.493773,0,10,940.1200892925262,13,0,56.539547,28.1203031539917,135.79666137695312,271.5299072265625,0.050026562,-5.9904022216796875,0.049994063,-5.991702079772949,0.050009478,-5.991085529327393,0.049999963,-5.991466045379639,1.1929548e-06,5.016354e-05,1.0,1.0,0.0,220.0,135.8,2570.3600000000006,13580.0,160.0,,645,1000,951.67,7142.1811,95167,982,
14,2.4972653,0,5,1007.0981521606445,14,0,59.423946,27.618921279907227,138.20240783691406,276.4198913574219,0.050026562,-5.9904022216796875,0.049993716,-5.991715908050537,0.05000974,-5.991075038909912,0.049999963,-5.991466045379639,1.2540856e-06,5.2612446e-05,1.0,1.0,0.0,240.0,138.2,1736.76,13820.0,160.0,,641,1000,931.53,9728.5291,93153,992,
15,2.4958978,0,10,1075.5082969665527,15,0,62.307182,29.28899645805359,152.5974578857422,305.2000427246094,0.050026566,-5.9904022216796875,0.049993325,-5.991731643676758,0.050009955,-5.9910664558410645,0.049999963,-5.991466045379639,1.3153084e-06,5.506696e-05,1.0,1.0,0.0,200.0,152.6,901.2399999999994,15260.0,160.0,,730,1000,965.57,3593.5650999999993,96557,992,
16,2.4945526,0,10,1144.2714159488678,16,0,65.173256,29.378774881362915,145.40480041503906,290.76708984375,0.05002657,-5.9904022216796875,0.049992952,-5.991746425628662,0.050010227,-5.991055488586426,0.049999963,-5.991466045379639,1.3766709e-06,5.7530433e-05,1.0,1.0,0.0,200.0,145.4,1686.84,14540.0,160.0,,653,1000,967.21,4428.845899999999,96721,983,
17,2.496662,0,7,1212.938443660736,17,0,68.00845,28.794186115264893,148.79849243164062,297.510009765625,0.050026577,-5.990401744842529,0.049992654,-5.991758346557617,0.050010502,-5.991044521331787,0.049999963,-5.991466045379639,1.438258e-06,5.9995036e-05,1.0,1.0,0.0,200.0,148.8,1370.56,14880.0,160.0,,718,1000,977.07,2064.3851,97707,982,
18,2.4958174,0,9,1281.7680661678314,18,0,70.80457,28.605727195739746,145.7996826171875,291.66448974609375,0.050026577,-5.990401744842529,0.0499923,-5.991772651672363,0.05001073,-5.991035461425781,0.049999963,-5.991466045379639,1.4998739e-06,6.245416e-05,1.0,1.0,0.0,200.0,145.8,1514.3600000000006,14580.0,160.0,,623,1000,958.43,5906.7251000000015,95843,982,
19,2.4959764,0,9,1349.565273284912,19,0,73.55752,28.572516918182373,147.19859313964844,294.4549560546875,0.05002659,-5.990401268005371,0.04999194,-5.991786956787109,0.05001099,-5.991024971008301,0.049999963,-5.991466045379639,1.5613522e-06,6.490896e-05,1.0,1.0,0.0,240.0,147.2,1628.16,14720.0,160.0,,525,1000,956.4,6937.64,95640,975,
20,2.4945269,0,10,1417.324747800827,20,0,76.2599,28.292522192001343,142.39752197265625,284.80938720703125,0.050026607,-5.990400314331055,0.04999164,-5.9917988777160645,0.050011255,-5.99101448059082,0.049999963,-5.991466045379639,1.6227242e-06,6.7355184e-05,1.0,1.0,0.0,220.0,142.4,2010.2400000000002,14240.0,160.0,,495,1000,949.27,8933.6171,94927,971,
21,2.494224,0,7,1484.317237854004,21,0,78.90562,27.858896017074585,140.59588623046875,281.2331237792969,0.05002661,-5.990400314331055,0.04999138,-5.991809368133545,0.05001167,-5.990997791290283,0.049999975,-5.9914655685424805,1.683878e-06,6.9787224e-05,1.0,1.0,0.0,220.0,140.6,1811.6399999999994,14060.0,160.0,,417,1000,947.52,8468.689600000002,94752,978,
22,2.4925153,0,10,1552.2457358837128,22,0,81.4965,28.508193016052246,149.60032653808594,299.25048828125,0.05002662,-5.9903998374938965,0.04999113,-5.991819381713867,0.050012052,-5.990982532501221,0.049999975,-5.9914655685424805,1.7446805e-06,7.220409e-05,1.0,1.0,0.0,200.0,149.6,1211.8400000000001,14960.0,160.0,,586,1000,966.26,3843.4724000000006,96626,990,
23,2.4927387,0,6,1620.729989528656,23,0,84.02477,28.552032232284546,145.39724731445312,290.84307861328125,0.050026644,-5.99039888381958,0.049990866,-5.991829872131348,0.05001236,-5.990970134735107,0.049999975,-5.9914655685424805,1.8051039e-06,7.460245e-05,1.0,1.0,0.0,200.0,145.4,1862.84,14540.0,160.0,,659,1000,970.87,3600.8131,97087,990,
24,2.4933903,0,5,1688.2995188236237,24,0,86.49455,28.10229992866516,150.39764404296875,300.8338623046875,0.050026663,-5.990398406982422,0.04999069,-5.991837024688721,0.050012685,-5.990957260131836,0.049999975,-5.9914655685424805,1.865063e-06,7.6981225e-05,1.0,1.0,0.0,220.0,150.4,1331.8400000000004,15040.0,160.0,,656,1000,969.2,2831.64,96920,981,
25,2.4938235,0,6,1755.8993031978607,25,0,88.90284,27.829769611358643,135.7921905517578,271.63043212890625,0.050026678,-5.990397930145264,0.049990475,-5.991845607757568,0.05001285,-5.990950584411621,0.049999975,-5.9914655685424805,1.9245315e-06,7.933551e-05,1.0,1.0,0.0,200.0,135.8,2498.3600000000006,13580.0,160.0,,638,1000,956.93,7652.405099999999,95693,978,
26,2.494906,0,9,1824.1257121562958,26,0,91.246895,28.794174432754517,144.4012908935547,288.7483215332031,0.050026696,-5.990396976470947,0.04999013,-5.991859436035156,0.050012957,-5.990946292877197,0.049999975,-5.9914655685424805,1.9833888e-06,8.166525e-05,1.0,1.0,0.0,200.0,144.4,1908.6399999999996,14440.0,160.0,,657,1000,968.44,3921.1864,96844,981,
27,2.4950802,0,7,1892.6766939163208,27,0,93.528465,28.733951091766357,142.1995391845703,284.5144958496094,0.050026707,-5.990396499633789,0.049989797,-5.991872787475586,0.05001304,-5.99094295501709,0.049999975,-5.9914655685424805,2.041633e-06,8.396867e-05,1.0,1.0,0.0,220.0,142.2,2479.16,14220.0,160.0,,478,1000,970.52,5645.049600000002,97052,978,
28,2.4978325,0,5,1960.6642515659332,28,0,95.748146,28.559343099594116,144.7979278564453,289.6819763183594,0.050026715,-5.990396499633789,0.04998951,-5.991884231567383,0.05001328,-5.990933418273926,0.049999986,-5.991465091705322,2.099217e-06,8.624307e-05,1.0,1.0,0.0,200.0,144.8,1600.9600000000005,14480.0,160.0,,575,1000,966.92,4949.2936,96692,989,
29,2.4949212,0,10,2028.7164466381073,29,0,97.907326,28.18458080291748,136.3983917236328,272.86383056640625,0.05002672,-5.990396022796631,0.049989164,-5.991898059844971,0.05001346,-5.990926265716553,0.049999986,-5.991465091705322,2.1560784e-06,8.849076e-05,1.0,1.0,0.0,200.0,136.4,2699.04,13640.0,160.0,,646,1000,963.61,5587.017899999999,96361,990,
30,2.4974174,0,7,2095.7485389709473,30,0,100.00721,27.610832929611206,142.80148315429688,285.6878356933594,0.050026726,-5.990396022796631,0.04998889,-5.991909027099609,0.05001365,-5.9909186363220215,0.049999986,-5.991465091705322,2.2122715e-06,9.071058e-05,1.0,1.0,0.0,220.0,142.8,2312.16,14280.0,160.0,,537,1000,963.32,6951.737600000001,96332,994,
31,2.4963207,0,5,2163.64519071579,31,0,102.04576,28.404581785202026,146.99656677246094,293.99371337890625,0.050026737,-5.990395545959473,0.049988616,-5.991919994354248,0.05001395,-5.990906715393066,0.049999986,-5.991465091705322,2.2677668e-06,9.290143e-05,1.0,1.0,0.0,240.0,147.0,1379.0,14700.0,160.0,,649,1000,971.09,3052.1819,97109,984,
32,2.4961576,0,9,2231.21604347229,32,0,104.02592,28.121944904327393,142.00343322753906,284.1340637207031,0.050026756,-5.990394592285156,0.04998835,-5.9919304847717285,0.050014112,-5.990900039672852,0.049999986,-5.991465091705322,2.3225355e-06,9.506609e-05,1.0,1.0,0.0,220.0,142.0,2124.0,14200.0,160.0,,605,1000,963.8,5739.600000000001,96380,980,
33,2.497651,0,9,2297.596984386444,33,0,105.95331,26.95732092857361,139.20947265625,278.4960021972656,0.05002677,-5.990394115447998,0.04998807,-5.991941928863525,0.050014317,-5.990891933441162,0.049999986,-5.991465091705322,2.3766565e-06,9.720128e-05,1.0,1.0,0.0,200.0,139.2,2183.36,13920.0,160.0,,586,1000,959.52,7750.629599999999,95952,986,
34,2.4982092,0,6,2365.314228773117,34,0,107.825386,28.24229145050049,144.00624084472656,288.0650329589844,0.05002679,-5.990393161773682,0.049987674,-5.991957664489746,0.050014447,-5.990886688232422,0.049999986,-5.991465091705322,2.4300327e-06,9.930835e-05,1.0,1.0,0.0,220.0,144.0,2096.0,14400.0,160.0,,552,1000,965.56,5729.1264,96556,986,
35,2.4955683,0,8,2433.3028893470764,35,0,109.6465,28.374661684036255,130.59719848632812,261.29345703125,0.050026797,-5.990393161773682,0.049987197,-5.991976737976074,0.050014578,-5.990881443023682,0.049999986,-5.991465091705322,2.482711e-06,0.00010138741,1.0,1.0,0.0,220.0,130.6,2867.639999999999,13060.0,160.0,,554,1000,963.28,5063.4416,96328,988,
36,2.4976327,0,13,2502.6339926719666,36,0,111.413246,29.063184022903442,138.5972900390625,277.310791015625,0.05002682,-5.990392208099365,0.04998678,-5.991993427276611,0.05001463,-5.990879535675049,0.049999986,-5.991465091705322,2.5346867e-06,0.00010343624,1.0,1.0,0.0,220.0,138.6,2514.0399999999995,13860.0,160.0,,635,1000,961.31,4882.9139000000005,96131,988,
37,2.4950795,0,11,2570.8513486385345,37,0,113.13172,28.75860285758972,142.3936309814453,284.77392578125,0.050026834,-5.990391731262207,0.04998645,-5.992006778717041,0.05001471,-5.990876197814941,0.05,-5.991464614868164,2.5859072e-06,0.00010545872,1.0,1.0,0.0,240.0,142.4,1986.2400000000002,14240.0,160.0,,651,1000,962.2,5303.579999999999,96220,990,
38,2.4975736,0,16,2638.4609122276306,38,0,114.80196,27.91735601425171,148.3950653076172,296.8934631347656,0.05002684,-5.990391254425049,0.049986053,-5.992022514343262,0.05001483,-5.990871429443359,0.05,-5.991464614868164,2.6364685e-06,0.00010745368,1.0,1.0,0.0,200.0,148.4,1721.44,14840.0,160.0,,448,1000,950.97,9783.2891,95097,979,
39,2.4969597,0,8,2706.4956879615784,39,0,116.42237,28.47050189971924,139.79698181152344,279.5740966796875,0.050026853,-5.990390777587891,0.04998572,-5.992035865783691,0.05001501,-5.990864276885986,0.05,-5.991464614868164,2.686342e-06,0.00010942157,1.0,1.0,0.0,220.0,139.8,2571.9600000000005,13980.0,160.0,,427,1000,963.26,7596.952399999998,96326,983,
40,2.495652,0,8,2775.0729167461395,40,0,117.99756,28.52862524986267,142.80258178710938,285.5732727050781,0.050026856,-5.990390777587891,0.04998536,-5.9920501708984375,0.050015163,-5.99085807800293,0.05,-5.991464614868164,2.73554e-06,0.0001113617,1.0,1.0,0.0,220.0,142.8,1776.16,14280.0,160.0,,655,1000,958.6,4924.86,95860,973,
41,2.4956338,0,9,2842.815399646759,41,0,119.52609,28.026516437530518,143.39442443847656,286.8351135253906,0.05002686,-5.990390300750732,0.04998492,-5.992067813873291,0.050015293,-5.9908528327941895,0.05,-5.991464614868164,2.784044e-06,0.00011327406,1.0,1.0,0.0,260.0,143.4,2312.4399999999996,14340.0,160.0,,577,1000,959.81,6535.5338999999985,95981,973,
42,2.496071,0,10,2909.9132721424103,42,0,121.00854,27.49367928504944,139.80215454101562,279.6050720214844,0.05002687,-5.990389823913574,0.04998454,-5.9920830726623535,0.05001546,-5.990846157073975,0.05,-5.991464614868164,2.8318532e-06,0.00011516275,1.0,1.0,0.0,220.0,139.8,2211.9600000000005,13980.0,160.0,,554,1000,950.2,9734.4,95020,985,
43,2.4965367,0,15,2976.632527589798,43,0,122.44713,27.16946053504944,140.78538513183594,281.68841552734375,0.050026875,-5.990389823913574,0.049984217,-5.992095947265625,0.050015595,-5.990840911865234,0.05,-5.991464614868164,2.8790687e-06,0.000117027485,1.0,1.0,0.0,220.0,140.8,2367.360000000001,14080.0,160.0,,566,1000,948.0,8469.12,94800,979,
44,2.4994357,0,10,3044.355442047119,44,0,123.846756,28.01124906539917,140.7991485595703,281.7452392578125,0.050026886,-5.990389347076416,0.049983896,-5.9921088218688965,0.050015714,-5.990836143493652,0.05,-5.991464614868164,2.9256869e-06,0.00011886722,1.0,1.0,0.0,220.0,140.8,2127.36,14080.0,160.0,,438,1000,944.97,10813.2691,94497,979,
45,2.496107,0,9,3113.5594370365143,45,0,125.20708,28.336429119110107,139.79661560058594,279.6136779785156,0.050026894,-5.990388870239258,0.04998367,-5.992117881774902,0.050016083,-5.990821361541748,0.05,-5.991464614868164,2.9716805e-06,0.00012068397,1.0,1.0,0.0,180.0,139.8,1979.9600000000005,13980.0,160.0,,514,1000,952.46,8716.8284,95246,979,
46,2.4983528,0,12,3181.0450570583344,46,0,126.52855,28.04159665107727,149.20428466796875,298.29962158203125,0.050026897,-5.990388870239258,0.04998342,-5.992127895355225,0.05001645,-5.990806579589844,0.05,-5.991464614868164,3.0170986e-06,0.00012247691,1.0,1.0,0.0,220.0,149.2,1331.3600000000006,14920.0,160.0,,481,1000,958.68,7318.917599999999,95868,981,
47,2.495623,0,10,3249.8196794986725,47,0,127.81197,29.004785299301147,137.20716857910156,274.50341796875,0.05002691,-5.9903883934021,0.04998317,-5.992137908935547,0.050016776,-5.990793704986572,0.05,-5.991464614868164,3.0619224e-06,0.00012424718,1.0,1.0,0.0,200.0,137.2,2344.16,13720.0,160.0,,715,1000,961.06,4337.3764,96106,998,
48,2.4982176,0,10,3318.620929956436,48,0,129.05971,28.478506326675415,144.80001831054688,289.63604736328125,0.050026916,-5.9903883934021,0.049982857,-5.99215030670166,0.050017085,-5.990781307220459,0.05,-5.991464614868164,3.1061782e-06,0.00012599508,1.0,1.0,0.0,220.0,144.8,1840.9600000000005,14480.0,160.0,,529,1000,966.34,6984.2044000000005,96634,978,
49,2.5005317,0,12,3387.662177801132,49,0,130.27086,28.673471927642822,150.99899291992188,302.01922607421875,0.05002693,-5.990387439727783,0.049982537,-5.992163181304932,0.05001737,-5.990769863128662,0.05,-5.991464614868164,3.1498766e-06,0.0001277242,1.0,1.0,0.0,220.0,151.0,1355.0,15100.0,160.0,,641,1000,978.22,2514.9916,97822,982,
50,2.4960413,0,13,3456.5136551856995,50,0,131.44765,29.075198888778687,148.80162048339844,297.6858215332031,0.050026946,-5.990386962890625,0.049982216,-5.992176055908203,0.050017703,-5.990756511688232,0.05,-5.991464614868164,3.1931056e-06,0.00012943285,1.0,1.0,0.0,260.0,148.8,1762.56,14880.0,160.0,,593,1000,975.25,3363.2275,97525,1000,
51,2.4982274,0,12,3523.726413965225,51,0,132.58797,27.393463373184204,139.99313354492188,280.0248107910156,0.050026953,-5.990386486053467,0.049982,-5.992184638977051,0.05001794,-5.990746974945068,0.050000012,-5.991464138031006,3.2358182e-06,0.00013112166,1.0,1.0,0.0,220.0,140.0,2192.0,14000.0,160.0,,474,1000,940.9,14552.370000000003,94090,994,
52,2.497887,0,75,3591.6331825256348,52,0,133.69467,27.68125081062317,140.4073944091797,280.8017272949219,0.050026957,-5.990386486053467,0.04998182,-5.992191791534424,0.05001811,-5.9907402992248535,0.050000012,-5.991464138031006,3.2780397e-06,0.00013279115,1.0,1.0,0.0,220.0,140.4,2207.84,14040.0,120.0,,473,1000,952.83,9034.3411,95283,868,
53,2.4957821,0,13,3659.671940088272,53,0,134.77007,28.187904596328735,141.7971954345703,283.58563232421875,0.050026964,-5.990386486053467,0.049981605,-5.9922003746032715,0.05001817,-5.9907379150390625,0.050000012,-5.991464138031006,3.319776e-06,0.00013444161,1.0,1.0,0.0,220.0,141.8,2208.7599999999993,14180.0,160.0,,647,1000,973.92,3973.3536,97392,985,
54,2.496691,0,15,3728.8792765140533,54,0,135.81508,28.508725881576538,135.6010284423828,271.1343688964844,0.050026968,-5.990386009216309,0.049981512,-5.992204189300537,0.05001829,-5.9907331466674805,0.050000012,-5.991464138031006,3.3610386e-06,0.00013607225,1.0,1.0,0.0,220.0,135.6,2660.639999999999,13560.0,160.0,,544,1000,951.88,7678.8256,95188,984,
55,2.4952784,0,9,3796.4737677574158,55,0,136.83131,27.241472005844116,129.59671020507812,259.2501220703125,0.050026976,-5.990386009216309,0.049981415,-5.992208003997803,0.050018325,-5.990731716156006,0.050000012,-5.991464138031006,3.4018035e-06,0.0001376819,1.0,1.0,0.0,260.0,129.6,3187.8399999999992,12960.0,180.0,,618,1000,946.51,9532.869899999998,94651,1000,
56,2.498792,0,66,3864.526028394699,56,0,137.82103,28.246105194091797,128.20562744140625,256.5784606933594,0.050026987,-5.99038553237915,0.049981285,-5.992213249206543,0.050018396,-5.990728855133057,0.050000012,-5.991464138031006,3.4420452e-06,0.00013926903,1.0,1.0,0.0,220.0,128.2,3424.76,12820.0,120.0,,464,1000,944.37,11498.073099999998,94437,920,
57,2.4984908,0,53,3930.245833158493,57,0,138.78041,26.198644399642944,109.40160369873047,218.8177032470703,0.050026987,-5.99038553237915,0.04998123,-5.992215633392334,0.050018456,-5.990726470947266,0.050000012,-5.991464138031006,3.4817228e-06,0.00014082988,1.0,1.0,0.0,220.0,109.4,3387.64,10940.0,100.0,,477,1000,940.72,11367.5816,94072,932,
58,2.4997463,0,57,3998.0785825252533,58,0,139.71535,28.0927095413208,132.79563903808594,265.6014404296875,0.05002699,-5.990385055541992,0.049981132,-5.9922194480896,0.050018538,-5.990723133087158,0.050000012,-5.991464138031006,3.5207452e-06,0.00014236534,1.0,1.0,0.0,200.0,132.8,2012.16,13280.0,140.0,,568,1000,951.62,7752.235599999999,95162,1000,
59,2.498058,0,55,4066.056170940399,59,0,140.62364,27.48475193977356,128.1947021484375,256.3933410644531,0.050026994,-5.990385055541992,0.049980965,-5.9922261238098145,0.050018635,-5.990719318389893,0.050000012,-5.991464138031006,3.5591322e-06,0.00014387732,1.0,1.0,0.0,220.0,128.2,2680.7599999999993,12820.0,140.0,,540,1000,949.41,8845.081900000001,94941,1000,
60,2.496277,0,65,4133.798226118088,60,0,141.50542,27.67200469970703,134.40243530273438,268.8703308105469,0.050026994,-5.990385055541992,0.049980868,-5.99222993850708,0.050018728,-5.990715503692627,0.050000012,-5.991464138031006,3.5969288e-06,0.00014536789,1.0,1.0,0.0,240.0,134.4,3080.64,13440.0,120.0,,542,1000,949.72,9065.541599999999,94972,968,
61,2.4978788,0,82,4201.225353240967,61,0,142.36522,27.588876724243164,130.01210021972656,260.1280212402344,0.050026998,-5.990385055541992,0.04998069,-5.992237091064453,0.05001879,-5.990713119506836,0.050000012,-5.991464138031006,3.6341944e-06,0.00014684281,1.0,1.0,0.0,220.0,130.0,2740.0,13000.0,80.0,,405,1000,933.35,15067.507499999998,93335,842,
62,2.498121,0,84,4267.490263223648,62,0,143.20045,27.2289879322052,138.60150146484375,277.2720642089844,0.050026998,-5.990385055541992,0.049980596,-5.992240905761719,0.050018895,-5.990708827972412,0.050000012,-5.991464138031006,3.6710685e-06,0.00014830269,1.0,1.0,0.0,240.0,138.6,2658.04,13860.0,80.0,,558,1000,946.24,9328.942400000002,94624,830,
63,2.4998631,0,4,4336.817992925644,63,0,144.01006,28.863706827163696,129.4046173095703,258.95941162109375,0.050026998,-5.990385055541992,0.049980536,-5.99224328994751,0.050019078,-5.990701675415039,0.050000012,-5.991464138031006,3.7075645e-06,0.00014974675,1.0,1.0,0.0,220.0,129.4,2915.64,12940.0,180.0,,615,1000,945.93,9324.785100000001,94593,1000,
64,2.4983003,0,5,4404.600260972977,64,0,144.79831,27.977145671844482,133.0072021484375,265.9861145019531,0.050027005,-5.990384578704834,0.049980417,-5.992248058319092,0.050019324,-5.990691661834717,0.050000012,-5.991464138031006,3.7436644e-06,0.00015118056,1.0,1.0,0.0,200.0,133.0,2555.0,13300.0,180.0,,632,1000,951.42,6533.103599999999,95142,1000,
65,2.49823,0,13,4471.888799905777,65,0,145.56711,27.376436471939087,131.40525817871094,262.9067687988281,0.050027005,-5.990384578704834,0.049980294,-5.992252826690674,0.050019506,-5.990684509277344,0.050000012,-5.991464138031006,3.779511e-06,0.00015260463,1.0,1.0,0.0,200.0,131.4,2530.0399999999995,13140.0,160.0,,540,1000,934.25,14221.2675,93425,965,
66,2.4970531,0,10,4538.8869206905365,66,0,146.31795,26.933947801589966,143.39724731445312,286.8103942871094,0.050027005,-5.990384578704834,0.04998018,-5.992257595062256,0.050019696,-5.9906768798828125,0.050000012,-5.991464138031006,3.815113e-06,0.00015401658,1.0,1.0,0.0,240.0,143.4,2120.44,14340.0,160.0,,639,1000,955.2,7941.839999999999,95520,973,
67,2.4986079,0,9,4606.48891377449,67,0,147.04727,27.77480673789978,139.0055389404297,277.9314270019531,0.05002701,-5.990384578704834,0.04998001,-5.992264270782471,0.050019875,-5.9906697273254395,0.050000012,-5.991464138031006,3.8504113e-06,0.00015541737,1.0,1.0,0.0,220.0,139.0,1763.0,13900.0,160.0,,581,1000,946.8,7546.019999999999,94680,975,
68,2.4981766,0,14,4672.644794225693,68,0,147.75612,26.31142544746399,141.3931427001953,282.7981262207031,0.05002701,-5.990384578704834,0.0499798,-5.992272853851318,0.050020065,-5.990662097930908,0.050000012,-5.991464138031006,3.885431e-06,0.00015680943,1.0,1.0,0.0,220.0,141.4,2106.0399999999995,14140.0,160.0,,538,1000,945.3,9175.470000000001,94530,970,
69,2.4996088,0,17,4741.124753952026,69,0,148.44583,28.561935663223267,151.60488891601562,303.2020263671875,0.050027005,-5.990384578704834,0.049979664,-5.992278099060059,0.050020162,-5.990658283233643,0.050000012,-5.991464138031006,3.9202314e-06,0.00015819246,1.0,1.0,0.0,240.0,151.6,1465.44,15160.0,160.0,,495,1000,961.51,7362.749900000001,96151,998,
70,2.5001872,0,16,4809.640916585922,70,0,149.11903,28.600887060165405,153.2001190185547,306.5072937011719,0.050027013,-5.990384578704834,0.049979568,-5.992281913757324,0.050020292,-5.990653038024902,0.050000012,-5.991464138031006,3.9548077e-06,0.00015956542,1.0,1.0,20.0,240.0,153.2,1057.7600000000002,15320.0,160.0,,641,1000,972.72,3960.2216,97272,988,
71,2.499342,0,15,4877.28419137001,71,0,149.77536,27.980026960372925,149.39801025390625,298.8782653808594,0.05002701,-5.990384578704834,0.049979463,-5.992286205291748,0.050020386,-5.990649223327637,0.050000012,-5.991464138031006,3.989131e-06,0.00016092703,1.0,1.0,0.0,220.0,149.4,1427.6399999999996,14940.0,160.0,,640,1000,954.58,5877.023600000002,95458,991,
72,2.4938169,0,16,4945.540150165558,72,0,150.41418,28.038084268569946,142.7892303466797,285.56097412109375,0.05002701,-5.990384578704834,0.049979202,-5.9922966957092285,0.05002047,-5.990645885467529,0.050000012,-5.991464138031006,4.023173e-06,0.00016227891,1.0,1.0,0.0,220.0,142.8,2272.16,14280.0,160.0,,583,1000,960.04,5561.0383999999995,96004,984,
73,2.4975429,0,20,5013.829421758652,73,0,151.03848,28.660366773605347,151.19927978515625,302.4786071777344,0.05002701,-5.990384578704834,0.049978938,-5.992307186126709,0.050020553,-5.990642547607422,0.050000012,-5.991464138031006,4.056969e-06,0.00016362316,1.0,1.0,0.0,200.0,151.2,1154.56,15120.0,160.0,,621,1000,954.99,7672.6499,95499,967,
74,2.4988246,0,16,5080.710742712021,74,0,151.65211,27.281261920928955,149.20140075683594,298.42852783203125,0.050027005,-5.990384578704834,0.0499787,-5.992316722869873,0.050020617,-5.990640163421631,0.050000012,-5.991464138031006,4.090575e-06,0.00016495494,1.0,1.0,0.0,220.0,149.2,1467.3600000000004,14920.0,160.0,,498,1000,953.08,8017.4536,95308,990,
75,2.500977,0,18,5147.228392839432,75,0,152.24799,27.145106315612793,138.80836486816406,277.6090087890625,0.050027005,-5.990384578704834,0.0499785,-5.9923248291015625,0.050020862,-5.990630149841309,0.050000012,-5.991464138031006,4.1238695e-06,0.00016627628,1.0,1.0,0.0,220.0,138.8,2230.56,13880.0,160.0,,415,1000,937.32,12516.437599999997,93732,984,
76,2.4959795,0,76,5213.494772672653,76,0,152.82655,26.674636125564575,142.58824157714844,285.2407531738281,0.050027005,-5.990384578704834,0.04997826,-5.992334365844727,0.05002116,-5.9906182289123535,0.050000012,-5.991464138031006,4.1569024e-06,0.00016758799,1.0,1.0,0.0,240.0,142.6,1981.2400000000007,14260.0,120.0,,624,1000,946.35,10133.267500000002,94635,861,
77,2.498441,0,10,5280.28130698204,77,0,153.38742,27.571507215499878,120.79612731933594,241.5834197998047,0.050026998,-5.990385055541992,0.04997808,-5.9923415184021,0.050021295,-5.990612983703613,0.050000012,-5.991464138031006,4.1896965e-06,0.00016889122,1.0,1.0,0.0,220.0,120.8,3487.36,12080.0,160.0,,437,1000,925.97,16279.729099999995,92597,1000,
78,2.4974647,0,14,5348.287001609802,78,0,153.93224,28.587105751037598,126.99852752685547,253.95179748535156,0.050026998,-5.990385055541992,0.049978007,-5.992344379425049,0.050021306,-5.990612506866455,0.050000012,-5.991464138031006,4.2222764e-06,0.00017018363,1.0,1.0,0.0,260.0,127.0,3259.0,12700.0,160.0,,566,1000,941.28,12289.441599999996,94128,1000,
79,2.4982355,0,56,5415.363886356354,79,0,154.4645,27.519042015075684,141.40591430664062,282.8602600097656,0.050026994,-5.990385055541992,0.049977995,-5.992344856262207,0.050021306,-5.990612506866455,0.050000012,-5.991464138031006,4.2545885e-06,0.00017146257,1.0,1.0,0.0,200.0,141.4,1298.04,14140.0,140.0,,635,1000,947.72,9054.7416,94772,981,
80,2.4988477,0,66,5483.157843351364,80,0,154.98395,27.923860549926758,138.79214477539062,277.6806945800781,0.050026994,-5.990385055541992,0.04997795,-5.99234676361084,0.05002134,-5.9906110763549805,0.050000012,-5.991464138031006,4.2865604e-06,0.00017273174,1.0,1.0,0.0,200.0,138.8,2126.5600000000004,13880.0,140.0,,572,1000,948.3,10396.87,94830,979,
81,2.4999876,0,18,5550.96518945694,81,0,155.49332,27.724101543426514,145.19424438476562,290.3997802734375,0.050026987,-5.99038553237915,0.049977876,-5.992349624633789,0.050021745,-5.990594863891602,0.050000012,-5.991464138031006,4.3182895e-06,0.0001739888,1.0,1.0,20.0,220.0,145.2,1596.9600000000005,14520.0,160.0,,539,1000,946.35,12129.307500000003,94635,1000,
82,2.498445,0,6,5618.270640134811,82,0,155.99059,27.23070192337036,137.19647216796875,274.4421081542969,0.050026983,-5.99038553237915,0.049977843,-5.992351055145264,0.050022166,-5.9905781745910645,0.050000012,-5.991464138031006,4.349717e-06,0.00017523604,1.0,1.0,0.0,240.0,137.2,2416.16,13720.0,180.0,,460,1000,945.88,14143.6056,94588,1000,
83,2.500143,0,78,5686.36429142952,83,0,156.47511,27.96680188179016,139.79885864257812,279.7052307128906,0.050026987,-5.99038553237915,0.049977805,-5.992352485656738,0.050022535,-5.99056339263916,0.050000012,-5.991464138031006,4.380897e-06,0.00017647035,1.0,1.0,0.0,220.0,139.8,2659.96,13980.0,120.0,,465,1000,958.6,9780.219999999998,95860,882,
84,2.5023513,0,3,5753.194896221161,84,0,156.95007,27.449811935424805,141.60452270507812,283.1703186035156,0.050026976,-5.990386009216309,0.049977783,-5.992353439331055,0.05002294,-5.990547180175781,0.050000012,-5.991464138031006,4.4117555e-06,0.00017769678,1.0,1.0,0.0,200.0,141.6,1765.44,14160.0,180.0,,540,1000,950.19,9675.5739,95019,1000,
85,2.4986444,0,69,5821.131325006485,85,0,157.41388,28.16323709487915,134.80374145507812,269.6699523925781,0.05002697,-5.990386009216309,0.049977746,-5.992354869842529,0.050023224,-5.990535736083984,0.050000012,-5.991464138031006,4.4424164e-06,0.00017891581,1.0,1.0,0.0,240.0,134.8,2796.96,13480.0,140.0,,644,1000,969.08,5177.0536,96908,923,
86,2.497987,0,12,5889.234548330307,86,0,157.86656,28.55471897125244,139.7959442138672,279.6529235839844,0.05002697,-5.990386009216309,0.04997763,-5.992359638214111,0.05002349,-5.990525245666504,0.050000012,-5.991464138031006,4.472892e-06,0.00018012675,1.0,1.0,0.0,220.0,139.8,2363.9600000000005,13980.0,160.0,,599,1000,968.02,5160.5396,96802,956,
87,2.4984517,0,3,5955.808147907257,87,0,158.30661,27.21950078010559,124.00865936279297,248.1174774169922,0.050026957,-5.990386486053467,0.049977496,-5.992364883422852,0.050023798,-5.990512847900391,0.050000012,-5.991464138031006,4.503164e-06,0.00018132577,1.0,1.0,0.0,240.0,124.0,3320.0,12400.0,180.0,,428,1000,946.2,11804.879999999996,94620,1000,
88,2.4971569,0,14,6023.318738698959,88,0,158.736,27.930049180984497,139.9998321533203,280.0265197753906,0.050026957,-5.990386486053467,0.049977485,-5.99236536026001,0.050024156,-5.9904985427856445,0.050000012,-5.991464138031006,4.5331403e-06,0.0001825182,1.0,1.0,0.0,260.0,140.0,2960.0,14000.0,160.0,,449,1000,957.77,10610.1171,95777,1000,
89,2.49919,0,2,6091.294493675232,89,0,159.15424,28.492547035217285,131.80905151367188,263.6611022949219,0.050026953,-5.990386486053467,0.049977545,-5.992362976074219,0.050024465,-5.990486145019531,0.050000012,-5.991464138031006,4.562951e-06,0.00018370266,1.0,1.0,0.0,220.0,131.8,3024.759999999999,13180.0,200.0,,553,1000,949.23,10270.937100000001,94923,1000,
90,2.4998062,0,7,6158.911545991898,90,0,159.56187,27.453755140304565,131.6106414794922,263.2565002441406,0.05002694,-5.990387439727783,0.049977522,-5.992363929748535,0.050024778,-5.990473747253418,0.050000012,-5.991464138031006,4.592562e-06,0.00018488066,1.0,1.0,0.0,220.0,131.6,3345.4399999999987,13160.0,180.0,,419,1000,950.93,12098.665100000002,95093,1000,
91,2.5007694,0,7,6226.545207977295,91,0,159.95996,28.173433542251587,137.1963348388672,274.441650390625,0.050026927,-5.990387916564941,0.049977295,-5.992372989654541,0.05002506,-5.990462303161621,0.050000023,-5.991463661193848,4.6220116e-06,0.00018605276,1.0,1.0,0.0,240.0,137.2,3080.160000000001,13720.0,180.0,,523,1000,958.41,9163.6019,95841,1000,
92,2.4982514,0,11,6294.71390080452,92,0,160.35028,28.57343554496765,131.6097412109375,263.28790283203125,0.05002692,-5.990387916564941,0.049977068,-5.992382049560547,0.050025254,-5.99045467376709,0.050000023,-5.991463661193848,4.6513155e-06,0.00018721812,1.0,1.0,0.0,220.0,131.6,2729.4399999999996,13160.0,160.0,,609,1000,958.79,7004.8659,95879,1000,
93,2.4974277,0,3,6363.395652770996,93,0,160.7281,28.8469181060791,134.59603881835938,269.1107177734375,0.050026916,-5.9903883934021,0.04997682,-5.992392063140869,0.050025456,-5.9904465675354,0.050000023,-5.991463661193848,4.680449e-06,0.00018837629,1.0,1.0,0.0,200.0,134.6,2638.84,13460.0,180.0,,607,1000,959.07,8063.125099999999,95907,1000,
94,2.496776,0,14,6431.100143194199,94,0,161.09752,28.21886897087097,139.4018096923828,278.9263916015625,0.05002691,-5.9903883934021,0.04997664,-5.992399215698242,0.050025538,-5.990443229675293,0.050000023,-5.991463661193848,4.7094036e-06,0.00018953199,1.0,1.0,0.0,220.0,139.4,2419.6399999999994,13940.0,160.0,,431,1000,963.01,9342.5499,96301,1000,
95,2.4981062,0,16,6499.37668967247,95,0,161.46251,28.681591987609863,143.8014678955078,287.71356201171875,0.0500269,-5.990388870239258,0.04997647,-5.992405891418457,0.050025575,-5.990441799163818,0.050000023,-5.991463661193848,4.7382937e-06,0.00019068242,1.0,1.0,0.0,200.0,143.8,1861.56,14380.0,160.0,,636,1000,964.71,6092.6458999999995,96471,1000,
96,2.497629,0,14,6567.547528743744,96,0,161.8215,28.640008687973022,148.59690856933594,297.2062072753906,0.050026894,-5.990388870239258,0.049976293,-5.99241304397583,0.050025657,-5.990438461303711,0.050000023,-5.991463661193848,4.7670555e-06,0.00019182838,1.0,1.0,0.0,220.0,148.6,1282.0400000000002,14860.0,160.0,,643,1000,967.34,6695.924399999998,96734,1000,
97,2.4985287,0,12,6635.4240736961365,97,0,162.17148,28.229400396347046,146.8020477294922,293.5245666503906,0.05002689,-5.990389347076416,0.049976043,-5.992423057556152,0.050025716,-5.99043607711792,0.050000023,-5.991463661193848,4.795705e-06,0.00019296772,1.0,1.0,0.0,200.0,146.8,1201.76,14680.0,160.0,,553,1000,967.88,6615.785600000002,96788,1000,
98,2.5008125,0,13,6703.134965181351,98,0,162.51271,28.150661945343018,146.0045166015625,292.0080261230469,0.050026886,-5.990389347076416,0.049975827,-5.992431640625,0.050025754,-5.990434646606445,0.050000023,-5.991463661193848,4.8241877e-06,0.00019409892,1.0,1.0,0.0,220.0,146.0,1700.0,14600.0,160.0,,516,1000,965.0,8354.82,96500,1000,
99,2.5007505,0,9,6772.375895738602,99,0,162.84198,28.89412569999695,150.3994598388672,300.9368896484375,0.050026875,-5.990389823913574,0.049975708,-5.992436408996582,0.050025743,-5.9904351234436035,0.050000023,-5.991463661193848,4.8524685e-06,0.0001952246,1.0,1.0,0.0,180.0,150.4,691.8400000000001,15040.0,160.0,,666,1000,982.52,2147.1096,98252,1000,
