,unp_rank,grad_norm,n_reused,generations,workertimes,walltimes,param_norm,n_rejected,baseline_mu,baseline_sigma,sigma_avg,beta_avg,sigma_min,beta_min,sigma_max,beta_max,sigma_med,beta_med,sigma_std,beta_std,lr_0,lr_1,return_min,return_max,return_avg,return_var,return_sum,return_unp,return_val,observations_min,observations_max,observations_avg,observations_var,observations_sum,observations_unp,observations_val
0,16,42.583435,0,0,27.46889877319336,36.11300802230835,32.149513,0,0.0,0.0,0.050026566,-5.9904022216796875,0.05,-5.991464614868164,0.05,-5.991464614868164,0.05,-5.991464614868164,0.0,0.00011559224,0.05,0.05,0.0,200.0,47.8,3439.1600000000008,4780.0,120.0,,512,1000,933.2,14481.36,93320,908,
1,2,42.540127,0,1,28.893198251724243,71.01452946662903,32.398163,0,0.0,0.0,0.050026875,-5.990389823913574,0.04998784,-5.991950988769531,0.050026722,-5.990396022796631,0.049999736,-5.9914751052856445,2.8898555e-06,0.00021993146,0.05,0.05,0.0,220.0,43.4,3696.4399999999987,4340.0,180.0,,410,1000,935.0,14937.48,93500,1000,
2,1,42.528572,0,2,28.02294921875,105.1391716003418,32.902187,0,0.0,0.0,0.050026998,-5.990385055541992,0.04997663,-5.9923996925354,0.050050914,-5.989428997039795,0.04999951,-5.99148416519165,5.498467e-06,0.00031424177,0.05,0.05,0.0,180.0,57.4,3597.2400000000007,5740.0,180.0,,570,1000,940.44,13063.926400000002,94044,1000,
3,3,42.585392,0,3,26.636462688446045,137.79155731201172,33.696835,0,0.0,0.0,0.05002565,-5.990438938140869,0.04996644,-5.992807388305664,0.050072707,-5.988558292388916,0.049999308,-5.99149227142334,7.85641e-06,0.00039955042,0.05,0.05,0.0,200.0,54.4,4056.639999999999,5440.0,160.0,,535,1000,932.86,14183.1604,93286,987,
4,5,42.55,0,4,27.730762720108032,171.48165798187256,34.79338,0,0.0,0.0,0.05002355,-5.990522861480713,0.04995717,-5.993178367614746,0.050091945,-5.987790107727051,0.049999118,-5.991499900817871,9.989347e-06,0.0004767508,0.05,0.05,0.0,200.0,59.6,3503.84,5960.0,160.0,,558,1000,919.47,15637.589100000001,91947,1000,
5,5,42.563557,0,5,27.25511884689331,205.01525688171387,36.183376,0,0.0,0.0,0.050021626,-5.990599632263184,0.04994887,-5.993510723114014,0.05010909,-5.987105846405029,0.04999895,-5.991506576538086,1.19196e-05,0.00054666866,0.05,0.05,0.0,180.0,70.2,4067.9599999999987,7020.0,160.0,,480,1000,912.96,16233.158399999998,91296,974,
6,8,42.55281,0,6,26.98500895500183,238.02028846740723,37.837505,0,0.0,0.0,0.0500201,-5.990660667419434,0.04994192,-5.993789196014404,0.050125014,-5.9864702224731445,0.04999881,-5.991512298583984,1.3667804e-05,0.0006100223,0.05,0.05,0.0,260.0,82.2,4759.16,8220.0,160.0,,418,1000,921.35,18215.4275,92135,983,
7,10,42.61098,0,7,28.547585487365723,272.4799892902374,39.71766,0,0.0,0.0,0.050018925,-5.990707874298096,0.04993563,-5.9940409660339355,0.050139356,-5.985898017883301,0.049998675,-5.991517543792725,1.52519e-05,0.000667497,0.05,0.05,0.0,220.0,87.0,5203.0,8700.0,160.0,,411,1000,943.04,11597.638399999998,94304,998,
8,8,42.57667,0,8,27.92255926132202,306.3276319503784,41.787575,0,0.0,0.0,0.050017994,-5.9907450675964355,0.049930405,-5.994250297546387,0.050152052,-5.985391616821289,0.049998555,-5.991522312164307,1.6689024e-05,0.0007196759,0.05,0.05,0.0,200.0,101.0,4299.0,10100.0,160.0,,526,1000,932.91,12823.721900000002,93291,977,
9,10,42.603916,0,9,28.193431854248047,340.67375779151917,44.01232,0,0.0,0.0,0.050017226,-5.9907755851745605,0.049925797,-5.994434833526611,0.050163236,-5.984945774078369,0.049998462,-5.991526126861572,1.799374e-05,0.00076710427,0.05,0.05,0.0,220.0,111.8,4368.759999999999,11180.0,160.0,,598,1000,940.24,10847.442399999998,94024,979,
10,12,42.558334,0,10,27.658942699432373,374.40401697158813,46.355732,0,0.0,0.0,0.050016627,-5.990799427032471,0.049921345,-5.994613170623779,0.05017327,-5.984545707702637,0.049998377,-5.99152946472168,1.9179688e-05,0.0008102657,0.05,0.05,0.0,220.0,129.4,3043.64,12940.0,160.0,,500,1000,936.59,11532.8619,93659,970,
11,10,42.588337,0,11,28.176785945892334,408.5656499862671,48.791046,0,0.0,0.0,0.050016124,-5.990819931030273,0.049917765,-5.994756698608398,0.050181873,-5.984202861785889,0.049998295,-5.991532802581787,2.0258947e-05,0.00084956957,0.05,0.05,0.0,200.0,125.2,3188.96,12520.0,160.0,,526,1000,932.62,12898.355599999999,93262,988,
12,5,42.54499,0,12,28.222785234451294,442.7432429790497,51.290577,0,0.0,0.0,0.050015703,-5.9908366203308105,0.049914148,-5.994901657104492,0.050189517,-5.983898162841797,0.049998224,-5.991535663604736,2.1241754e-05,0.0008854226,0.05,0.05,0.0,220.0,132.0,2392.0,13200.0,160.0,,678,1000,948.56,7416.766399999999,94856,988,
13,8,42.537544,0,13,27.47556185722351,476.1643671989441,53.83416,0,0.0,0.0,0.05001533,-5.990851402282715,0.049910385,-5.995052337646484,0.050196197,-5.9836320877075195,0.049998164,-5.991538047790527,2.2138278e-05,0.0009181596,0.05,0.05,0.0,220.0,142.0,1604.0,14200.0,160.0,,561,1000,952.45,7702.007499999999,95245,974,
14,5,42.5358,0,14,28.501890659332275,510.6366534233093,56.406788,0,0.0,0.0,0.05001502,-5.990863800048828,0.049907602,-5.995163917541504,0.05020182,-5.983407974243164,0.0499981,-5.991540431976318,2.2956885e-05,0.00094806956,0.05,0.05,0.0,220.0,130.4,2787.839999999999,13040.0,160.0,,639,1000,957.23,7168.777100000002,95723,992,
15,11,42.54362,0,15,28.61827254295349,545.1698653697968,58.992523,0,0.0,0.0,0.050014745,-5.990874767303467,0.04990533,-5.995254993438721,0.050207265,-5.983191013336182,0.049998056,-5.991542339324951,2.37048e-05,0.0009754627,0.05,0.05,0.0,220.0,143.6,1883.0399999999995,14360.0,160.0,,682,1000,964.33,3897.2410999999997,96433,992,
16,15,42.5934,0,16,28.723774433135986,580.11381483078,61.577915,0,0.0,0.0,0.050014503,-5.990884304046631,0.04990351,-5.995327949523926,0.050212245,-5.982992649078369,0.04999802,-5.991543769836426,2.4389781e-05,0.0010005846,0.05,0.05,0.0,220.0,146.0,1380.0,14600.0,160.0,,659,1000,965.03,4748.949099999999,96503,994,
17,74,42.544277,0,17,28.474734783172607,614.6371698379517,64.15475,0,0.0,0.0,0.050014302,-5.99089241027832,0.049901973,-5.995389461517334,0.05021675,-5.982813358306885,0.04999798,-5.9915452003479,2.501797e-05,0.001023699,0.05,0.05,0.0,220.0,142.4,2482.2400000000007,14240.0,140.0,,381,1000,957.81,9434.373899999999,95781,918,
18,87,42.578793,0,18,28.94571280479431,650.4853065013885,66.71554,0,0.0,0.0,0.050014123,-5.990899562835693,0.04990025,-5.995458602905273,0.050220773,-5.9826531410217285,0.04999796,-5.991546154022217,2.5595955e-05,0.0010449783,0.05,0.05,0.0,220.0,151.0,1019.0,15100.0,120.0,,732,1000,970.6,3550.14,97060,958,
19,70,42.534927,0,19,28.758755683898926,685.4021055698395,69.26025,0,0.0,0.0,0.050013956,-5.990906238555908,0.049898773,-5.995517730712891,0.050224293,-5.982512950897217,0.049997937,-5.991547107696533,2.6128053e-05,0.0010646199,0.05,0.05,0.0,240.0,135.0,3115.0,13500.0,140.0,,588,1000,961.32,6988.4375999999975,96132,850,
20,13,42.543026,0,20,28.666303873062134,719.8672115802765,71.77858,0,0.0,0.0,0.0500138,-5.990912437438965,0.049897477,-5.995569705963135,0.05022805,-5.982363224029541,0.049997915,-5.99154806137085,2.6619195e-05,0.0010827847,0.05,0.05,0.0,220.0,138.0,2324.0,13800.0,160.0,,600,1000,959.76,7105.5824,95976,1000,
21,76,42.550343,0,21,28.729109048843384,754.8051390647888,74.27021,0,0.0,0.0,0.050013676,-5.990917682647705,0.049895655,-5.99564266204834,0.050230853,-5.9822516441345215,0.0499979,-5.991548538208008,2.7073414e-05,0.0010996083,0.05,0.05,0.0,240.0,142.0,2492.0,14200.0,120.0,,717,1000,970.12,3046.3055999999992,97012,856,
22,82,42.533142,0,22,28.542614221572876,788.9999408721924,76.73205,0,0.0,0.0,0.050013546,-5.990922927856445,0.04989381,-5.995716571807861,0.05023338,-5.982151031494141,0.04999789,-5.991549015045166,2.7494085e-05,0.001115254,0.05,0.05,0.0,220.0,143.8,1965.56,14380.0,120.0,,490,1000,964.46,8256.3284,96446,853,
23,5,42.509632,0,23,28.316585302352905,822.9923584461212,79.16093,0,0.0,0.0,0.05001344,-5.990926742553711,0.049892075,-5.995786190032959,0.05023567,-5.982059955596924,0.049997877,-5.991549491882324,2.7885306e-05,0.0011298314,0.05,0.05,0.0,200.0,136.4,2531.0399999999995,13640.0,180.0,,564,1000,953.24,8260.782400000002,95324,1000,
24,22,42.59555,0,24,28.529309034347534,857.4624810218811,81.55771,0,0.0,0.0,0.050013352,-5.990930557250977,0.04989008,-5.995866298675537,0.050237633,-5.9819817543029785,0.049997866,-5.991549968719482,2.8249804e-05,0.0011434456,0.05,0.05,0.0,220.0,145.6,1912.6399999999994,14560.0,160.0,,643,1000,955.44,6795.8464,95544,1000,
25,16,42.570732,0,25,28.11675715446472,891.5612781047821,83.91992,0,0.0,0.0,0.050013267,-5.990933895111084,0.049887888,-5.9959540367126465,0.050239116,-5.981922626495361,0.049997866,-5.991549968719482,2.8590219e-05,0.0011561976,0.05,0.05,0.0,220.0,137.4,2149.24,13740.0,160.0,,494,1000,948.44,8899.326399999998,94844,1000,
26,26,42.52434,0,26,28.932148933410645,926.4488561153412,86.24539,0,0.0,0.0,0.05001318,-5.990937232971191,0.049885772,-5.996038913726807,0.050240424,-5.981870651245117,0.049997866,-5.991549968719482,2.8909073e-05,0.0011681668,0.05,0.05,0.0,240.0,139.2,3007.36,13920.0,160.0,,507,1000,967.51,6169.9699,96751,1000,
27,8,42.538334,0,27,27.6741681098938,960.2734181880951,88.53341,0,0.0,0.0,0.050013103,-5.990940570831299,0.04988351,-5.996129512786865,0.05024125,-5.981837749481201,0.049997866,-5.991549968719482,2.9208348e-05,0.0011794535,0.05,0.05,0.0,200.0,124.6,3518.839999999999,12460.0,160.0,,488,1000,953.81,11197.833899999996,95381,1000,
28,13,42.580067,0,28,27.476635217666626,993.7105166912079,90.78402,0,0.0,0.0,0.050013017,-5.990943908691406,0.049881585,-5.996206760406494,0.05024198,-5.981808662414551,0.049997866,-5.991549968719482,2.9490557e-05,0.0011901116,0.05,0.05,0.0,220.0,141.6,1909.4399999999996,14160.0,160.0,,658,1000,954.6,8031.28,95460,1000,
29,14,42.520218,0,29,28.202226877212524,1027.8506512641907,93.00075,0,0.0,0.0,0.050012957,-5.990946292877197,0.04988043,-5.99625301361084,0.050242532,-5.981786727905273,0.049997866,-5.991549968719482,2.9757048e-05,0.0012002018,0.05,0.05,0.0,240.0,137.0,2067.0,13700.0,160.0,,648,1000,959.92,5896.1736,95992,1000,
30,35,42.549862,0,30,28.646021127700806,1062.463725566864,95.18589,0,0.0,0.0,0.050012898,-5.990948677062988,0.049879458,-5.9962921142578125,0.05024397,-5.981729507446289,0.04999785,-5.991550445556641,3.000933e-05,0.0012097793,0.05,0.05,0.0,220.0,149.8,2603.9600000000005,14980.0,160.0,,492,1000,974.35,6155.8674999999985,97435,1000,
31,8,42.5243,0,31,29.509230375289917,1097.9158248901367,97.337166,0,0.0,0.0,0.050012827,-5.9909515380859375,0.049878053,-5.9963483810424805,0.050245587,-5.981665134429932,0.049997866,-5.991549968719482,3.0248793e-05,0.0012188846,0.05,0.05,0.0,240.0,144.6,2158.8400000000006,14460.0,180.0,,571,1000,970.65,5963.5075,97065,1000,
32,18,42.5585,0,32,28.948705673217773,1132.8391036987305,99.457535,0,0.0,0.0,0.050012767,-5.9909539222717285,0.049876828,-5.996397495269775,0.05024743,-5.981591701507568,0.049997877,-5.991549491882324,3.047645e-05,0.0012275784,0.05,0.05,0.0,240.0,144.8,1712.9600000000005,14480.0,160.0,,612,1000,974.45,5431.987499999999,97445,1000,
33,23,42.590485,0,33,28.8348171710968,1167.626270532608,101.541466,0,0.0,0.0,0.05001271,-5.9909563064575195,0.049876258,-5.996420383453369,0.050249003,-5.981529235839844,0.049997877,-5.991549491882324,3.0693813e-05,0.0012359072,0.05,0.05,0.0,240.0,146.8,1609.7599999999993,14680.0,160.0,,518,1000,964.29,7054.945899999999,96429,1000,
34,17,42.52965,0,34,29.151841640472412,1202.8166856765747,103.59007,0,0.0,0.0,0.050012656,-5.990958213806152,0.04987577,-5.9964399337768555,0.0502502,-5.981481552124023,0.04999789,-5.991549015045166,3.090205e-05,0.0012438961,0.05,0.05,0.0,220.0,150.8,1379.3600000000004,15080.0,160.0,,614,1000,973.85,5486.727500000001,97385,1000,
35,9,42.55417,0,35,29.346409559249878,1238.1753706932068,105.60824,0,0.0,0.0,0.050012596,-5.990960597991943,0.04987552,-5.996449947357178,0.05025093,-5.981452465057373,0.04999789,-5.991549015045166,3.1101783e-05,0.0012515929,0.05,0.05,40.0,240.0,156.8,973.7600000000001,15680.0,180.0,,489,1000,980.41,4875.961899999999,98041,1000,
36,34,42.549023,0,36,29.464595317840576,1274.5341475009918,107.59972,0,0.0,0.0,0.050012544,-5.990962982177734,0.049874652,-5.996484756469727,0.05025141,-5.981433391571045,0.0499979,-5.991548538208008,3.1294214e-05,0.001259009,0.05,0.05,0.0,240.0,160.8,1191.36,16080.0,160.0,,467,1000,989.25,3341.7075,98925,1000,
37,19,42.579243,0,37,29.132153034210205,1309.659866809845,109.561935,0,0.0,0.0,0.050012484,-5.990965366363525,0.04987369,-5.996523380279541,0.05025178,-5.981418609619141,0.049997915,-5.99154806137085,3.1479627e-05,0.0012661739,0.05,0.05,0.0,220.0,144.2,1602.3600000000006,14420.0,160.0,,799,1000,982.35,2416.3675,98235,1000,
38,21,42.538776,0,38,29.281852960586548,1344.9224965572357,111.497665,0,0.0,0.0,0.050012454,-5.990966320037842,0.049873035,-5.996549606323242,0.050251912,-5.9814133644104,0.049997926,-5.991547584533691,3.1658754e-05,0.0012731175,0.05,0.05,0.0,240.0,151.4,1882.0399999999995,15140.0,160.0,,579,1000,985.86,3059.9604,98586,1000,
39,18,42.519062,0,39,29.600194692611694,1380.5286085605621,113.40494,0,0.0,0.0,0.050012406,-5.990968227386475,0.04987201,-5.996590614318848,0.05025202,-5.981409072875977,0.049997926,-5.991547584533691,3.1832347e-05,0.001279865,0.05,0.05,0.0,280.0,147.0,1547.0,14700.0,160.0,,808,1000,987.61,1564.5978999999998,98761,1000,
40,35,42.57296,0,40,30.26140594482422,1416.7791755199432,115.28458,0,0.0,0.0,0.05001237,-5.990969657897949,0.049870845,-5.996637344360352,0.050252043,-5.98140811920166,0.049997948,-5.991546630859375,3.2001037e-05,0.0012864263,0.05,0.05,0.0,240.0,155.8,1682.3600000000006,15580.0,160.0,,643,1000,989.01,2547.7499000000003,98901,1000,
41,33,42.51,0,41,28.87913680076599,1451.8399126529694,117.137886,0,0.0,0.0,0.050012313,-5.99097204208374,0.04986954,-5.996689796447754,0.050251745,-5.981420040130615,0.04999796,-5.991546154022217,3.216507e-05,0.0012928256,0.05,0.05,60.0,240.0,158.4,1661.4400000000003,15840.0,160.0,,697,1000,981.16,3051.0944,98116,1000,
42,12,42.560123,0,42,28.765918016433716,1486.6674649715424,118.96521,0,0.0,0.0,0.050012287,-5.990972995758057,0.049868897,-5.996715545654297,0.05025142,-5.981432914733887,0.04999796,-5.991546154022217,3.2325046e-05,0.0012990732,0.05,0.05,0.0,260.0,140.2,2523.960000000001,14020.0,180.0,,454,1000,981.74,5564.552400000001,98174,1000,
43,18,42.538273,0,43,29.75113320350647,1522.6620106697083,120.76627,0,0.0,0.0,0.050012242,-5.9909749031066895,0.049868766,-5.996720790863037,0.050250836,-5.981456279754639,0.04999797,-5.991545677185059,3.248124e-05,0.0013051869,0.05,0.05,0.0,240.0,147.0,2323.0,14700.0,180.0,,867,1000,991.45,623.9075000000003,99145,1000,
44,4,42.57053,0,44,29.266845226287842,1558.0226502418518,122.542465,0,0.0,0.0,0.05001221,-5.990976333618164,0.049868528,-5.996730327606201,0.050250534,-5.981468200683594,0.04999797,-5.991545677185059,3.2634074e-05,0.0013111964,0.05,0.05,20.0,260.0,155.6,1900.6399999999994,15560.0,240.0,,556,1000,980.7,3756.569999999999,98070,1000,
45,5,42.53653,0,45,29.22486448287964,1593.2056300640106,124.29704,0,0.0,0.0,0.05001217,-5.990977764129639,0.049868185,-5.996744155883789,0.050249826,-5.981496334075928,0.04999798,-5.9915452003479,3.2784308e-05,0.001317086,0.05,0.05,0.0,240.0,147.4,2285.2400000000002,14740.0,220.0,,534,1000,982.18,4151.5876,98218,1000,
46,1,42.536793,0,46,28.932653188705444,1628.1514365673065,126.02482,0,0.0,0.0,0.05001213,-5.990979194641113,0.049868103,-5.9967474937438965,0.05025001,-5.981489181518555,0.049997997,-5.991544723510742,3.2931544e-05,0.0013228605,0.05,0.05,0.0,260.0,152.0,2408.0,15200.0,260.0,,561,1000,983.52,3882.6295999999998,98352,1000,
47,2,42.554447,0,47,28.5510892868042,1662.68225979805,127.729065,0,0.0,0.0,0.050012104,-5.990980625152588,0.049868364,-5.996737003326416,0.0502507,-5.981461524963379,0.049998008,-5.991544246673584,3.3075903e-05,0.0013285417,0.05,0.05,0.0,260.0,152.2,1983.16,15220.0,240.0,,480,1000,976.5,5557.15,97650,1000,
48,9,42.56614,0,48,29.973049640655518,1698.6160655021667,129.41199,0,0.0,0.0,0.050012067,-5.9909820556640625,0.049868505,-5.996731281280518,0.05025154,-5.981428146362305,0.04999802,-5.991543769836426,3.3217926e-05,0.0013341535,0.05,0.05,40.0,260.0,165.6,1808.64,16560.0,220.0,,455,1000,988.87,3560.533099999999,98887,1000,
49,1,42.518185,0,49,29.100050926208496,1733.670746088028,131.07469,0,0.0,0.0,0.05001203,-5.990983486175537,0.049868565,-5.996728897094727,0.05025257,-5.981387138366699,0.049998034,-5.991543292999268,3.335821e-05,0.0013396913,0.05,0.05,20.0,240.0,146.2,1941.56,14620.0,240.0,,588,1000,983.47,2992.9691,98347,1000,
50,3,42.53536,0,50,29.43866276741028,1769.0880672931671,132.71698,0,0.0,0.0,0.05001201,-5.990983963012695,0.049868483,-5.996732234954834,0.05025348,-5.981350898742676,0.049998045,-5.991542816162109,3.3496653e-05,0.001345152,0.05,0.05,0.0,260.0,153.2,2065.7599999999998,15320.0,240.0,,847,1000,991.97,686.8291,99197,1000,
51,21,42.528793,0,51,29.69663405418396,1804.8292315006256,134.33899,0,0.0,0.0,0.050011978,-5.99098539352417,0.04986793,-5.996754169464111,0.050254438,-5.9813127517700195,0.049998056,-5.991542339324951,3.363316e-05,0.0013505447,0.05,0.05,0.0,240.0,153.0,1867.0,15300.0,180.0,,704,1000,990.25,1513.9875,99025,1000,
52,1,42.550278,0,52,29.36521816253662,1840.1439893245697,135.94307,0,0.0,0.0,0.050011925,-5.990987777709961,0.04986702,-5.996790885925293,0.050255015,-5.981289863586426,0.049998056,-5.991542339324951,3.376797e-05,0.0013558634,0.05,0.05,20.0,260.0,160.0,2360.0,16000.0,260.0,,574,1000,988.79,3282.9858999999997,98879,1000,
53,8,42.52807,0,53,29.129285097122192,1876.0549540519714,137.52689,0,0.0,0.0,0.050011892,-5.990988731384277,0.049865674,-5.99684476852417,0.050255712,-5.98126220703125,0.04999808,-5.991541385650635,3.3900928e-05,0.0013611194,0.05,0.05,40.0,260.0,165.4,1742.84,16540.0,220.0,,569,1000,985.73,3833.137100000001,98573,984,
54,3,42.56486,0,54,30.898123741149902,1912.8841865062714,139.09149,0,0.0,0.0,0.050011873,-5.990989685058594,0.049864344,-5.996898174285889,0.050256427,-5.981233596801758,0.04999809,-5.991540908813477,3.403232e-05,0.0013663152,0.05,0.05,0.0,260.0,160.6,2435.6399999999994,16060.0,240.0,,708,1000,986.96,2521.0784,98696,1000,
55,4,42.54007,0,55,29.21639609336853,1948.1356654167175,140.63693,0,0.0,0.0,0.050011825,-5.990991592407227,0.04986319,-5.996944427490234,0.050256692,-5.981223106384277,0.0499981,-5.991540431976318,3.4162207e-05,0.0013714642,0.05,0.05,0.0,260.0,159.6,2551.8400000000006,15960.0,240.0,,615,1000,985.65,3358.9275,98565,1000,
56,3,42.569553,0,56,29.863169193267822,1984.0364809036255,142.16527,0,0.0,0.0,0.050011788,-5.990993022918701,0.04986192,-5.996995449066162,0.050256908,-5.98121452331543,0.049998116,-5.99153995513916,3.4290922e-05,0.0013765667,0.05,0.05,0.0,260.0,166.2,1933.5600000000004,16620.0,240.0,,730,1000,988.61,1636.3578999999997,98861,1000,
57,7,42.56135,0,57,29.865153312683105,2019.8791043758392,143.6767,0,0.0,0.0,0.05001176,-5.990993976593018,0.049860835,-5.997038841247559,0.050258707,-5.981142997741699,0.049998116,-5.99153995513916,3.4418477e-05,0.0013816254,0.05,0.05,0.0,260.0,166.4,2143.0399999999995,16640.0,220.0,,568,1000,985.49,2993.9899,98549,1000,
58,15,42.541,0,58,29.3474018573761,2055.199823617935,145.1722,0,0.0,0.0,0.05001172,-5.99099588394165,0.049860053,-5.9970703125,0.050259892,-5.981095790863037,0.049998127,-5.991539478302002,3.4544937e-05,0.0013866355,0.05,0.05,20.0,260.0,158.2,2352.7599999999998,15820.0,200.0,,700,1000,987.17,2578.9011,98717,1000,
59,2,42.540874,0,59,29.97289776802063,2091.1288270950317,146.65044,0,0.0,0.0,0.050011702,-5.990996360778809,0.049859148,-5.997106552124023,0.05026134,-5.9810380935668945,0.049998127,-5.991539478302002,3.467018e-05,0.0013916184,0.05,0.05,0.0,280.0,162.8,3320.160000000001,16280.0,260.0,,903,1000,996.17,266.00110000000006,99617,1000,
60,11,42.553246,0,60,29.88919687271118,2126.9909904003143,148.11232,0,0.0,0.0,0.050011672,-5.990997791290283,0.0498581,-5.997148513793945,0.05026234,-5.980998516082764,0.049998138,-5.991539001464844,3.4794746e-05,0.0013965535,0.05,0.05,0.0,240.0,156.6,2912.44,15660.0,220.0,,771,1000,989.83,1362.2411,98983,1000,
61,66,42.555634,0,61,29.518433570861816,2162.487871646881,149.55585,0,0.0,0.0,0.050011627,-5.990999698638916,0.049857177,-5.997185707092285,0.050262947,-5.980974197387695,0.04999815,-5.9915385246276855,3.4918114e-05,0.0014014643,0.05,0.05,0.0,260.0,157.6,2922.24,15760.0,140.0,,697,1000,991.07,1448.5051,99107,780,
62,24,42.592598,0,62,29.836853742599487,2197.831748485565,150.98714,0,0.0,0.0,0.0500116,-5.991000652313232,0.04985618,-5.997225761413574,0.050263178,-5.9809651374816895,0.04999815,-5.9915385246276855,3.5040877e-05,0.0014063392,0.05,0.05,0.0,260.0,163.6,2971.04,16360.0,200.0,,657,1000,983.73,2677.957099999999,98373,1000,
63,10,42.580273,0,63,28.05055284500122,2231.8981981277466,152.40367,0,0.0,0.0,0.050011557,-5.991002559661865,0.049854416,-5.997296333312988,0.050263774,-5.980941295623779,0.049998164,-5.991538047790527,3.5162742e-05,0.0014111933,0.05,0.05,0.0,260.0,154.4,2800.64,15440.0,220.0,,566,1000,974.54,5695.448399999998,97454,1000,
64,40,42.53403,0,64,30.076735258102417,2267.9362144470215,153.80772,0,0.0,0.0,0.050011527,-5.991003513336182,0.049852885,-5.9973578453063965,0.050264027,-5.980931282043457,0.049998175,-5.991537570953369,3.5284083e-05,0.0014160129,0.05,0.05,0.0,260.0,170.6,2147.6399999999994,17060.0,180.0,,652,1000,983.0,2512.28,98300,1000,
65,2,42.581577,0,65,28.28768301010132,2302.1579093933105,155.19893,0,0.0,0.0,0.050011493,-5.991004943847656,0.049851827,-5.997400283813477,0.050264303,-5.980920314788818,0.049998187,-5.991537094116211,3.5404566e-05,0.0014208221,0.05,0.05,0.0,260.0,154.4,2808.64,15440.0,240.0,,629,1000,976.48,4762.7696000000005,97648,1000,
66,6,42.549282,0,66,29.716273546218872,2337.8355560302734,156.57716,0,0.0,0.0,0.05001146,-5.991006374359131,0.049850542,-5.9974517822265625,0.050264794,-5.980900764465332,0.049998198,-5.991536617279053,3.5524787e-05,0.0014256012,0.05,0.05,0.0,240.0,159.4,2435.6399999999994,15940.0,220.0,,668,1000,984.5,2764.51,98450,1000,
67,6,42.526737,0,67,29.303972244262695,2373.1100599765778,157.9402,0,0.0,0.0,0.050011422,-5.9910078048706055,0.049849533,-5.99749231338501,0.050265346,-5.980878829956055,0.049998198,-5.991536617279053,3.5644258e-05,0.0014303577,0.05,0.05,0.0,240.0,164.0,2112.0,16400.0,220.0,,719,1000,985.65,2109.5275000000006,98565,1000,
68,14,42.555325,0,68,28.848896741867065,2408.1829273700714,159.28995,0,0.0,0.0,0.050011393,-5.991008758544922,0.049848437,-5.9975361824035645,0.05026585,-5.98085880279541,0.049998213,-5.9915361404418945,3.5763158e-05,0.0014350851,0.05,0.05,0.0,260.0,162.6,2533.2400000000007,16260.0,200.0,,671,1000,975.14,4478.7004,97514,1000,
69,4,42.580536,0,69,29.550108671188354,2443.804101705551,160.62646,0,0.0,0.0,0.05001135,-5.991010665893555,0.049847085,-5.9975905418396,0.050266195,-5.980844974517822,0.049998213,-5.9915361404418945,3.5881334e-05,0.0014397943,0.05,0.05,0.0,260.0,157.4,3701.24,15740.0,240.0,,651,1000,986.28,2576.2616,98628,1000,
70,24,42.51567,0,70,29.248764276504517,2479.7651348114014,161.94966,0,0.0,0.0,0.050011322,-5.991011619567871,0.04984562,-5.997649192810059,0.050266303,-5.980840682983398,0.049998235,-5.991535186767578,3.599906e-05,0.0014444835,0.05,0.05,20.0,280.0,167.8,2647.1600000000008,16780.0,200.0,,669,1000,980.09,3056.3019000000004,98009,946,
71,1,42.561737,0,71,29.75599765777588,2515.67214345932,163.26425,0,0.0,0.0,0.050011296,-5.9910125732421875,0.04984408,-5.997711181640625,0.050266303,-5.980840682983398,0.049998246,-5.99153470993042,3.611628e-05,0.0014491663,0.05,0.05,0.0,240.0,159.0,3499.0,15900.0,240.0,,564,1000,983.96,3210.878399999999,98396,1000,
72,73,42.553413,0,72,30.016239881515503,2551.763153076172,164.56697,0,0.0,0.0,0.050011273,-5.991013526916504,0.049843255,-5.997744083404541,0.05026635,-5.980838775634766,0.049998257,-5.991534233093262,3.623334e-05,0.0014538186,0.05,0.05,0.0,240.0,167.0,2619.0,16700.0,140.0,,705,1000,988.05,1795.1275,98805,824,
73,75,42.5367,0,73,28.868117809295654,2586.161361217499,165.8616,0,0.0,0.0,0.050011244,-5.9910149574279785,0.04984301,-5.997754096984863,0.050266184,-5.9808454513549805,0.04999827,-5.9915337562561035,3.634964e-05,0.0014584633,0.05,0.05,40.0,260.0,166.0,2388.0,16600.0,120.0,,660,1000,981.08,3405.6135999999997,98108,704,
74,7,42.530136,0,74,29.645304441452026,2621.0730361938477,167.1443,0,0.0,0.0,0.0500112,-5.991016387939453,0.04984219,-5.997786998748779,0.05026572,-5.98086404800415,0.04999828,-5.991533279418945,3.646575e-05,0.0014630808,0.05,0.05,0.0,280.0,154.8,3156.9599999999996,15480.0,220.0,,681,1000,986.28,2625.2416000000003,98628,1000,
75,8,42.561806,0,75,29.392493724822998,2656.4386801719666,168.41125,0,0.0,0.0,0.050011177,-5.9910173416137695,0.049841154,-5.997828483581543,0.05026526,-5.980882167816162,0.049998295,-5.991532802581787,3.6581176e-05,0.0014676854,0.05,0.05,0.0,260.0,156.8,2693.76,15680.0,220.0,,723,1000,983.27,2766.6770999999994,98327,1000,
76,1,42.53345,0,76,29.455761909484863,2692.069884777069,169.66597,0,0.0,0.0,0.050011143,-5.991018772125244,0.049839813,-5.99788236618042,0.05026513,-5.980887413024902,0.049998295,-5.991532802581787,3.669629e-05,0.0014722628,0.05,0.05,40.0,240.0,163.2,1949.76,16320.0,240.0,,731,1000,985.0,2329.3,98500,1000,
77,8,42.59651,0,77,28.713955879211426,2726.8401715755463,170.9098,0,0.0,0.0,0.05001111,-5.991020202636719,0.04983866,-5.997928619384766,0.05026592,-5.980855941772461,0.049998306,-5.991532325744629,3.6810714e-05,0.0014768301,0.05,0.05,20.0,260.0,165.0,2339.0,16500.0,220.0,,543,1000,981.12,5602.685600000001,98112,1000,
78,1,42.605377,0,78,29.57164740562439,2762.354250907898,172.1444,0,0.0,0.0,0.050011072,-5.991021633148193,0.049837887,-5.997959613800049,0.050266627,-5.980827808380127,0.049998317,-5.991531848907471,3.692489e-05,0.0014813654,0.05,0.05,100.0,240.0,170.8,1923.36,17080.0,240.0,,857,1000,996.38,341.5155999999999,99638,1000,
79,24,42.516914,0,79,28.817071199417114,2797.1231694221497,173.36897,0,0.0,0.0,0.050011054,-5.99102258682251,0.049836982,-5.997995853424072,0.050267108,-5.980808734893799,0.049998317,-5.991531848907471,3.7038262e-05,0.0014858923,0.05,0.05,0.0,280.0,168.8,2322.5600000000004,16880.0,200.0,,728,1000,981.42,2524.7836000000007,98142,1000,
80,19,42.551968,0,80,29.616518020629883,2832.7656688690186,174.58257,0,0.0,0.0,0.050011024,-5.991023540496826,0.04983621,-5.9980268478393555,0.050267547,-5.980791091918945,0.04999833,-5.9915313720703125,3.7151425e-05,0.0014903973,0.05,0.05,0.0,240.0,159.4,2395.64,15940.0,200.0,,655,1000,977.98,3809.2396000000003,97798,1000,
81,1,42.6125,0,81,30.280126810073853,2869.0080482959747,175.78679,0,0.0,0.0,0.050010994,-5.991024971008301,0.049835175,-5.998068332672119,0.050267633,-5.980787754058838,0.04999833,-5.9915313720703125,3.7264042e-05,0.0014948872,0.05,0.05,100.0,240.0,169.8,1595.9600000000005,16980.0,240.0,,677,1000,989.99,1703.8898999999997,98999,1000,
82,18,42.565453,0,82,28.980107069015503,2903.952376127243,176.9809,0,0.0,0.0,0.050010957,-5.991026401519775,0.04983431,-5.998103141784668,0.050267536,-5.9807915687561035,0.04999833,-5.9915313720703125,3.7376278e-05,0.0014993603,0.05,0.05,60.0,260.0,164.6,1646.84,16460.0,200.0,,542,1000,969.66,5748.304400000003,96966,1000,
83,15,42.563877,0,83,29.40604257583618,2939.322193145752,178.16513,0,0.0,0.0,0.05001093,-5.991027355194092,0.049833704,-5.998127460479736,0.050267287,-5.980801582336426,0.049998354,-5.991530418395996,3.7488095e-05,0.0015038133,0.05,0.05,100.0,260.0,177.8,2095.16,17780.0,220.0,,737,1000,987.78,1619.6315999999997,98778,1000,
84,38,42.545776,0,84,30.012736558914185,2975.3243279457092,179.3438,0,0.0,0.0,0.050010897,-5.991028785705566,0.049833693,-5.9981279373168945,0.05026724,-5.980803489685059,0.049998354,-5.991530418395996,3.7599413e-05,0.0015082455,0.05,0.05,100.0,280.0,173.8,1781.56,17380.0,180.0,,833,1000,990.9,832.3499999999999,99090,1000,
85,10,42.527866,0,85,30.308802604675293,3011.588228702545,180.5144,0,0.0,0.0,0.050010867,-5.991029739379883,0.049834333,-5.998102188110352,0.05026749,-5.980793476104736,0.049998365,-5.991529941558838,3.7710208e-05,0.0015126623,0.05,0.05,100.0,280.0,176.4,1979.0399999999995,17640.0,220.0,,715,1000,992.9,1046.1500000000003,99290,1000,
86,19,42.58831,0,86,29.63257622718811,3047.1757333278656,181.67787,0,0.0,0.0,0.050010838,-5.991031169891357,0.049833585,-5.998132228851318,0.05026767,-5.980786323547363,0.049998388,-5.9915289878845215,3.7820624e-05,0.001517081,0.05,0.05,100.0,260.0,167.6,1982.2400000000007,16760.0,200.0,,781,1000,990.4,1334.4200000000003,99040,943,
87,14,42.57562,0,87,29.01249098777771,3082.751480817795,182.83395,0,0.0,0.0,0.05001082,-5.991031646728516,0.049833085,-5.998152256011963,0.05026761,-5.980788707733154,0.049998377,-5.99152946472168,3.7931084e-05,0.0015215054,0.05,0.05,100.0,260.0,173.8,1989.56,17380.0,220.0,,687,1000,980.89,3038.717899999999,98089,1000,
88,2,42.504498,0,88,29.64709162712097,3118.3395562171936,183.98045,0,0.0,0.0,0.050010797,-5.991032600402832,0.049832277,-5.998184680938721,0.050267767,-5.980782508850098,0.049998377,-5.99152946472168,3.8041686e-05,0.0015259072,0.05,0.05,60.0,260.0,174.8,1788.9600000000005,17480.0,240.0,,678,1000,982.18,3270.4876,98218,1000,
89,1,42.543324,0,89,29.460532426834106,3153.7715861797333,185.11745,0,0.0,0.0,0.050010763,-5.991034030914307,0.049831375,-5.998220920562744,0.05026766,-5.9807868003845215,0.0499984,-5.991528511047363,3.8151717e-05,0.0015303078,0.05,0.05,100.0,240.0,168.0,2008.0,16800.0,240.0,,707,1000,991.69,1260.2539000000004,99169,1000,
90,27,42.552364,0,90,30.07084631919861,3189.803529024124,186.24614,0,0.0,0.0,0.050010722,-5.991035461425781,0.049830828,-5.9982428550720215,0.05026713,-5.980807781219482,0.0499984,-5.991528511047363,3.8261725e-05,0.0015346927,0.05,0.05,100.0,260.0,170.0,2172.0,17000.0,200.0,,776,1000,988.88,1346.1656,98888,1000,
91,12,42.58446,0,91,29.83898401260376,3225.6546263694763,187.36592,0,0.0,0.0,0.0500107,-5.991036415100098,0.049829677,-5.998289108276367,0.050266545,-5.980831146240234,0.049998414,-5.991528034210205,3.8371338e-05,0.0015390586,0.05,0.05,100.0,280.0,167.0,2491.0,16700.0,220.0,,806,1000,983.09,1938.0419,98309,1000,
92,9,42.58941,0,92,29.706002473831177,3261.3819818496704,188.47939,0,0.0,0.0,0.050010663,-5.9910383224487305,0.049828403,-5.998340129852295,0.050266184,-5.9808454513549805,0.049998425,-5.991527557373047,3.848048e-05,0.0015434136,0.05,0.05,20.0,260.0,173.0,2371.0,17300.0,220.0,,578,1000,988.83,2150.6210999999994,98883,1000,
93,3,42.534874,0,93,29.45035147666931,3296.863613843918,189.58781,0,0.0,0.0,0.050010648,-5.991038799285889,0.04982749,-5.998376846313477,0.050265558,-5.980870246887207,0.049998425,-5.991527557373047,3.8589347e-05,0.0015477564,0.05,0.05,100.0,280.0,172.8,2060.16,17280.0,240.0,,675,1000,986.91,1946.1619,98691,1000,
94,26,42.556026,0,94,29.530052661895752,3332.4640946388245,190.68945,0,0.0,0.0,0.05001061,-5.991040229797363,0.049826443,-5.998418807983398,0.050265297,-5.9808807373046875,0.049998436,-5.991527080535889,3.8697905e-05,0.0015520753,0.05,0.05,100.0,260.0,168.4,2409.44,16840.0,200.0,,647,1000,988.25,2219.1275,98825,1000,
95,26,42.560387,0,95,29.696255207061768,3368.1070919036865,191.78372,0,0.0,0.0,0.050010577,-5.991041660308838,0.049825683,-5.998449325561523,0.05026471,-5.9809041023254395,0.049998447,-5.9915266036987305,3.8805872e-05,0.0015563795,0.05,0.05,60.0,260.0,176.2,2061.56,17620.0,200.0,,728,1000,989.54,1391.6083999999996,98954,1000,
96,33,42.55916,0,96,29.628451108932495,3403.748351097107,192.86908,0,0.0,0.0,0.050010547,-5.991042613983154,0.049824756,-5.998486518859863,0.050264195,-5.980924606323242,0.049998462,-5.991526126861572,3.891347e-05,0.001560666,0.05,0.05,20.0,260.0,182.4,2090.2400000000007,18240.0,200.0,,585,1000,979.33,4052.541100000001,97933,1000,
97,65,42.555256,0,97,28.85176920890808,3438.635694026947,193.94606,0,0.0,0.0,0.050010514,-5.991044044494629,0.049824152,-5.998510837554932,0.050263643,-5.9809465408325195,0.049998462,-5.991526126861572,3.9020622e-05,0.0015649496,0.05,0.05,100.0,280.0,189.2,1771.36,18920.0,160.0,,776,1000,986.33,1976.4011,98633,869,
98,8,42.569687,0,98,29.939143657684326,3474.246438264847,195.01762,0,0.0,0.0,0.05001049,-5.991044998168945,0.04982357,-5.998534202575684,0.050263293,-5.980960369110107,0.049998473,-5.991525650024414,3.9127706e-05,0.0015692093,0.05,0.05,100.0,260.0,184.0,1200.0,18400.0,220.0,,759,1000,992.31,1088.5339000000004,99231,1000,
99,14,42.552032,0,99,29.814441680908203,3510.0782685279846,196.08188,0,0.0,0.0,0.05001046,-5.991045951843262,0.049823217,-5.99854850769043,0.05026315,-5.980966091156006,0.049998473,-5.991525650024414,3.923419e-05,0.0015734566,0.05,0.05,100.0,260.0,185.2,1588.9600000000005,18520.0,220.0,,878,1000,995.97,225.76909999999995,99597,1000,
100,12,42.583866,0,100,29.770631074905396,3545.8407878875732,197.13843,0,0.0,0.0,0.050010428,-5.991047382354736,0.04982286,-5.998562812805176,0.05026393,-5.980935096740723,0.049998485,-5.991525173187256,3.9340364e-05,0.0015777041,0.05,0.05,100.0,280.0,184.8,1592.9600000000005,18480.0,220.0,,726,1000,989.88,2063.5256,98988,1000,
101,26,42.530407,0,101,29.580800771713257,3581.3755838871,198.18707,0,0.0,0.0,0.050010417,-5.9910478591918945,0.049822193,-5.998589515686035,0.0502658,-5.980860710144043,0.049998496,-5.991524696350098,3.9446546e-05,0.0015819526,0.05,0.05,40.0,260.0,175.6,1948.6399999999994,17560.0,200.0,,768,1000,984.9,2388.01,98490,1000,
102,41,42.57792,0,102,29.57157564163208,3616.890681743622,199.23152,0,0.0,0.0,0.050010372,-5.991049766540527,0.049821883,-5.998601913452148,0.050267335,-5.980799674987793,0.049998496,-5.991524696350098,3.955275e-05,0.0015861901,0.05,0.05,60.0,260.0,176.6,1840.44,17660.0,180.0,,721,1000,992.81,1068.4339000000002,99281,1000,
103,15,42.577583,0,103,29.66811752319336,3652.50107049942,200.27179,0,0.0,0.0,0.050010346,-5.991050720214844,0.04982161,-5.998612880706787,0.050268233,-5.980763912200928,0.04999851,-5.9915242195129395,3.9658677e-05,0.0015904068,0.05,0.05,60.0,260.0,186.6,1632.44,18660.0,220.0,,853,1000,995.67,431.7610999999999,99567,1000,
104,17,42.542534,0,104,29.29274559020996,3688.522142648697,201.30519,0,0.0,0.0,0.05001031,-5.991052150726318,0.04982142,-5.998620510101318,0.050268915,-5.98073673248291,0.04999851,-5.9915242195129395,3.9764087e-05,0.0015946041,0.05,0.05,20.0,260.0,181.4,2162.0399999999995,18140.0,220.0,,598,1000,986.68,2527.2976000000003,98668,1000,
105,1,42.55959,0,105,28.718633890151978,3723.209866285324,202.33261,0,0.0,0.0,0.050010286,-5.991053104400635,0.049821146,-5.998631477355957,0.050269708,-5.980705261230469,0.04999852,-5.991523742675781,3.9869014e-05,0.0015987889,0.05,0.05,60.0,260.0,174.6,2254.84,17460.0,260.0,,738,1000,987.93,1616.6450999999995,98793,1000,
106,11,42.56555,0,106,29.08372950553894,3758.320100545883,203.3532,0,0.0,0.0,0.050010256,-5.991054534912109,0.049821872,-5.998602390289307,0.050270367,-5.980679035186768,0.04999852,-5.991523742675781,3.997362e-05,0.001602953,0.05,0.05,60.0,260.0,182.6,1893.2400000000007,18260.0,220.0,,712,1000,984.66,3024.0843999999993,98466,1000,
107,8,42.544716,0,107,29.02791738510132,3793.2917959690094,204.3698,0,0.0,0.0,0.05001022,-5.991055965423584,0.0498221,-5.998593330383301,0.05027063,-5.980668544769287,0.04999851,-5.9915242195129395,4.0077717e-05,0.0016071138,0.05,0.05,0.0,260.0,172.4,2318.2400000000007,17240.0,220.0,,710,1000,986.49,2276.5699,98649,1000,
108,13,42.554035,0,108,29.099895238876343,3828.4234087467194,205.38222,0,0.0,0.0,0.050010182,-5.991057395935059,0.04982255,-5.998575210571289,0.050271075,-5.980650901794434,0.04999852,-5.991523742675781,4.018173e-05,0.0016112576,0.05,0.05,60.0,260.0,176.0,2232.0,17600.0,220.0,,658,1000,985.9,2167.2099999999996,98590,1000,
109,11,42.537514,0,109,28.755598783493042,3863.1197288036346,206.38654,0,0.0,0.0,0.050010163,-5.991057872772217,0.049822584,-5.9985737800598145,0.05027148,-5.980634689331055,0.049998533,-5.991523265838623,4.0285315e-05,0.0016154035,0.05,0.05,80.0,260.0,179.8,1987.9600000000005,17980.0,220.0,,718,1000,989.19,1550.8739000000005,98919,1000,
110,29,42.53235,0,110,29.372875690460205,3898.451952457428,207.3862,0,0.0,0.0,0.05001014,-5.991058826446533,0.049822725,-5.998568058013916,0.050271623,-5.980628967285156,0.049998544,-5.991522789001465,4.0388957e-05,0.0016195177,0.05,0.05,20.0,260.0,180.8,2175.36,18080.0,200.0,,585,1000,985.01,3159.3299000000006,98501,1000,
111,12,42.557446,0,111,29.307677745819092,3933.7083961963654,208.38055,0,0.0,0.0,0.05001011,-5.991060256958008,0.049823023,-5.998556137084961,0.050271638,-5.980628490447998,0.049998544,-5.991522789001465,4.0491803e-05,0.0016236226,0.05,0.05,0.0,280.0,168.4,2929.4399999999996,16840.0,220.0,,440,1000,975.73,6885.377099999997,97573,1000,
112,34,42.541462,0,112,29.720524311065674,3969.3844199180603,209.36766,0,0.0,0.0,0.05001008,-5.991061210632324,0.04982323,-5.9985480308532715,0.05027184,-5.980620384216309,0.049998555,-5.991522312164307,4.059442e-05,0.0016277134,0.05,0.05,0.0,260.0,187.2,2260.16,18720.0,200.0,,876,1000,996.23,310.0771,99623,1000,
113,30,42.569744,0,113,29.8185932636261,4005.1730840206146,210.34837,0,0.0,0.0,0.050010055,-5.991062641143799,0.049823217,-5.99854850769043,0.05027207,-5.980611324310303,0.049998567,-5.991521835327148,4.0696683e-05,0.0016317909,0.05,0.05,20.0,260.0,180.8,2191.36,18080.0,200.0,,844,1000,991.07,737.8451000000002,99107,1000,
114,18,42.55413,0,114,29.642739057540894,4040.960112810135,211.3214,0,0.0,0.0,0.050010026,-5.991063594818115,0.04982288,-5.998561859130859,0.050272346,-5.980600357055664,0.049998567,-5.991521835327148,4.079861e-05,0.0016358595,0.05,0.05,0.0,260.0,189.0,1819.0,18900.0,220.0,,822,1000,989.89,1122.7579000000003,98989,1000,
115,32,42.557594,0,115,29.241193771362305,4076.304705619812,212.28906,0,0.0,0.0,0.050010003,-5.991064548492432,0.04982279,-5.998565673828125,0.050272427,-5.980597019195557,0.049998578,-5.99152135848999,4.090032e-05,0.0016399348,0.05,0.05,0.0,260.0,180.8,2455.3600000000006,18080.0,200.0,,487,1000,967.99,8021.4899,96799,1000,
116,13,42.580715,0,116,27.762721061706543,4110.252721309662,213.25299,0,0.0,0.0,0.05000997,-5.991065979003906,0.049822442,-5.998579502105713,0.05027239,-5.980598449707031,0.049998578,-5.99152135848999,4.1002197e-05,0.0016439965,0.05,0.05,0.0,260.0,182.2,2031.16,18220.0,220.0,,528,1000,981.08,5399.893600000001,98108,1000,
117,66,42.571194,0,117,29.23832893371582,4145.5627562999725,214.2129,0,0.0,0.0,0.050009947,-5.991066932678223,0.049822286,-5.9985857009887695,0.05027244,-5.980596542358398,0.049998593,-5.991520881652832,4.1103733e-05,0.0016480499,0.05,0.05,40.0,240.0,182.2,1799.16,18220.0,160.0,,754,1000,986.97,2106.7691000000004,98697,828,
118,16,42.568977,0,118,29.27059507369995,4180.515874624252,215.16817,0,0.0,0.0,0.050009914,-5.991067886352539,0.049822513,-5.998576641082764,0.050272368,-5.980599403381348,0.049998604,-5.991520404815674,4.120506e-05,0.0016520884,0.05,0.05,0.0,260.0,182.4,3130.2400000000007,18240.0,220.0,,585,1000,977.67,4635.321099999999,97767,1000,
119,33,42.581856,0,119,29.0480055809021,4215.542238950729,216.11778,0,0.0,0.0,0.050009888,-5.991069316864014,0.04982243,-5.998579978942871,0.05027232,-5.9806013107299805,0.049998604,-5.991520404815674,4.1306015e-05,0.0016561369,0.05,0.05,0.0,280.0,182.2,2703.160000000001,18220.0,200.0,,698,1000,986.57,2497.2250999999997,98657,1000,
120,5,42.556854,0,120,28.726645946502686,4250.256987333298,217.05975,0,0.0,0.0,0.05000986,-5.99107027053833,0.049822345,-5.9985833168029785,0.05027219,-5.980606555938721,0.049998615,-5.991519927978516,4.1407224e-05,0.0016601814,0.05,0.05,0.0,280.0,178.8,2918.56,17880.0,240.0,,567,1000,972.5,5709.45,97250,1000,
121,13,42.53518,0,121,27.218111753463745,4283.443093299866,217.99773,0,0.0,0.0,0.050009828,-5.9910712242126465,0.04982186,-5.998602867126465,0.05027202,-5.9806132316589355,0.049998604,-5.991520404815674,4.150833e-05,0.0016642128,0.05,0.05,0.0,280.0,182.6,2125.2400000000007,18260.0,220.0,,532,1000,977.75,6371.1675,97775,1000,
122,34,42.567097,0,122,29.152498245239258,4319.285113334656,218.9327,0,0.0,0.0,0.050009802,-5.991072654724121,0.049821742,-5.998607635498047,0.05027148,-5.980634689331055,0.049998615,-5.991519927978516,4.160911e-05,0.0016682456,0.05,0.05,0.0,260.0,180.8,2759.360000000001,18080.0,200.0,,716,1000,976.5,3659.19,97650,1000,
123,32,42.52261,0,123,28.930875539779663,4354.202842235565,219.86089,0,0.0,0.0,0.05000977,-5.991074085235596,0.04982166,-5.998610973358154,0.050271325,-5.980640888214111,0.049998615,-5.991519927978516,4.170993e-05,0.0016722918,0.05,0.05,0.0,260.0,179.8,2755.9599999999996,17980.0,200.0,,494,1000,973.35,6777.2875,97335,1000,
124,36,42.56503,0,124,28.091785669326782,4388.270890712738,220.78302,0,0.0,0.0,0.050009754,-5.991074562072754,0.04982129,-5.998625755310059,0.050271384,-5.98063850402832,0.049998615,-5.991519927978516,4.181108e-05,0.0016763231,0.05,0.05,0.0,260.0,184.4,2364.64,18440.0,200.0,,415,1000,979.05,5913.9675000000025,97905,1000,
125,13,42.502785,0,125,28.5539767742157,4422.861457824707,221.69905,0,0.0,0.0,0.05000971,-5.9910759925842285,0.049820766,-5.9986467361450195,0.0502714,-5.980638027191162,0.049998604,-5.991520404815674,4.191186e-05,0.0016803321,0.05,0.05,0.0,260.0,174.4,3000.64,17440.0,220.0,,606,1000,972.15,5711.527500000002,97215,1000,
126,14,42.555893,0,126,28.219313144683838,4457.10755777359,222.61017,0,0.0,0.0,0.05000969,-5.991076946258545,0.04982066,-5.998651027679443,0.050271217,-5.980645179748535,0.049998615,-5.991519927978516,4.2012074e-05,0.001684339,0.05,0.05,0.0,260.0,179.4,3027.64,17940.0,220.0,,541,1000,977.61,5269.3579,97761,1000,
127,15,42.563297,0,127,28.317220449447632,4491.467694044113,223.51674,0,0.0,0.0,0.05000966,-5.9910783767700195,0.04982051,-5.9986572265625,0.050271504,-5.980633735656738,0.04999863,-5.991519451141357,4.2112242e-05,0.0016883397,0.05,0.05,0.0,260.0,178.0,3156.0,17800.0,220.0,,384,1000,972.15,7546.3475,97215,1000,
128,34,42.57924,0,128,29.355130195617676,4526.820048332214,224.41745,0,0.0,0.0,0.050009634,-5.991079330444336,0.049819663,-5.998691082000732,0.050271973,-5.980615139007568,0.04999863,-5.991519451141357,4.2212258e-05,0.0016923434,0.05,0.05,0.0,300.0,173.6,3583.0400000000013,17360.0,200.0,,503,1000,968.03,7010.429100000001,96803,1000,
129,44,42.532497,0,129,27.942081451416016,4560.8345465660095,225.31586,0,0.0,0.0,0.050009616,-5.991079807281494,0.049818594,-5.998733997344971,0.05027231,-5.980601787567139,0.04999864,-5.991518974304199,4.2312342e-05,0.0016963145,0.05,0.05,0.0,280.0,170.8,3331.36,17080.0,180.0,,537,1000,969.33,6816.201100000002,96933,913,
130,15,42.553486,0,130,28.286848306655884,4594.970419883728,226.20923,0,0.0,0.0,0.050009597,-5.9910807609558105,0.049818143,-5.998752117156982,0.050272163,-5.980607509613037,0.049998652,-5.991518497467041,4.241162e-05,0.0017002648,0.05,0.05,0.0,300.0,178.0,3796.0,17800.0,220.0,,466,1000,959.9,11382.93,95990,1000,
131,21,42.54298,0,131,29.757589101791382,4630.653669834137,227.09712,0,0.0,0.0,0.05000956,-5.991082191467285,0.049817525,-5.998776912689209,0.050273288,-5.980562686920166,0.049998652,-5.991518497467041,4.2510364e-05,0.0017041944,0.05,0.05,0.0,280.0,178.4,3877.44,17840.0,220.0,,448,1000,971.89,7136.3378999999995,97189,1000,
132,49,42.52176,0,132,28.593202114105225,4665.189927339554,227.98459,0,0.0,0.0,0.050009537,-5.991083145141602,0.049817286,-5.998786449432373,0.05027425,-5.98052453994751,0.049998652,-5.991518497467041,4.2608597e-05,0.0017081079,0.05,0.05,0.0,260.0,172.8,4300.160000000001,17280.0,180.0,,385,1000,959.46,13848.288400000003,95946,1000,
133,18,42.560158,0,133,28.798378467559814,4700.458926916122,228.86864,0,0.0,0.0,0.050009515,-5.991084098815918,0.049816646,-5.998812198638916,0.050275065,-5.980492115020752,0.049998663,-5.991518020629883,4.270643e-05,0.0017119996,0.05,0.05,0.0,260.0,184.8,3200.9599999999996,18480.0,220.0,,529,1000,969.1,7899.21,96910,1000,
134,54,42.572956,0,134,28.441762685775757,4735.220230340958,229.74796,0,0.0,0.0,0.050009485,-5.991085052490234,0.049815815,-5.99884557723999,0.05027618,-5.980447769165039,0.049998675,-5.991517543792725,4.280372e-05,0.0017158911,0.05,0.05,20.0,280.0,183.6,2707.04,18360.0,180.0,,530,1000,980.15,5410.107499999997,98015,1000,
135,21,42.5682,0,135,29.285719394683838,4770.596328258514,230.62547,0,0.0,0.0,0.050009456,-5.991086483001709,0.049815245,-5.998868465423584,0.050276827,-5.980422019958496,0.049998675,-5.991517543792725,4.2900996e-05,0.0017197772,0.05,0.05,0.0,260.0,191.2,2538.5600000000004,19120.0,220.0,,533,1000,977.89,5333.297900000001,97789,1000,
136,26,42.56653,0,136,29.788628101348877,4806.369289636612,231.50008,0,0.0,0.0,0.05000944,-5.991086959838867,0.049814332,-5.998905181884766,0.050277762,-5.980384826660156,0.049998686,-5.991517066955566,4.299815e-05,0.0017236567,0.05,0.05,0.0,280.0,197.8,2103.16,19780.0,220.0,,740,1000,986.69,2079.9339,98669,1000,
137,2,42.523064,0,137,30.044345378875732,4842.41795539856,232.37065,0,0.0,0.0,0.050009396,-5.9910888671875,0.049813475,-5.998939514160156,0.050278563,-5.980352878570557,0.049998686,-5.991517066955566,4.3095126e-05,0.0017275283,0.05,0.05,0.0,280.0,191.4,2650.0400000000004,19140.0,260.0,,713,1000,978.38,3437.5156000000015,97838,1000,
138,8,42.535187,0,138,29.477341890335083,4877.866240739822,233.23831,0,0.0,0.0,0.050009377,-5.991089344024658,0.049812526,-5.9989776611328125,0.050279055,-5.98033332824707,0.049998697,-5.991516590118408,4.3191914e-05,0.0017313914,0.05,0.05,0.0,280.0,200.4,1567.84,20040.0,240.0,,501,1000,985.6,3591.84,98560,1000,
139,17,42.565407,0,139,30.000333309173584,4913.903778553009,234.09964,0,0.0,0.0,0.050009347,-5.991090774536133,0.04981169,-5.999011039733887,0.050279513,-5.980315208435059,0.04999871,-5.99151611328125,4.3288484e-05,0.0017352544,0.05,0.05,120.0,260.0,198.0,1052.0,19800.0,220.0,,675,1000,986.9,2017.2899999999995,98690,1000,
140,25,42.573997,0,140,30.341935634613037,4951.024651050568,234.95644,0,0.0,0.0,0.05000932,-5.991091728210449,0.049810886,-5.9990434646606445,0.05027985,-5.980301856994629,0.04999871,-5.99151611328125,4.338505e-05,0.0017391033,0.05,0.05,100.0,280.0,199.6,1343.84,19960.0,220.0,,804,1000,991.31,1120.8939000000003,99131,1000,
141,7,42.598225,0,141,30.269764184951782,4987.283787488937,235.80661,0,0.0,0.0,0.0500093,-5.991092681884766,0.04980977,-5.999088287353516,0.050280362,-5.980281352996826,0.049998723,-5.991515636444092,4.3481265e-05,0.0017429257,0.05,0.05,100.0,260.0,199.8,1219.9599999999998,19980.0,240.0,,740,1000,993.27,1145.7771,99327,1000,
142,2,42.57302,0,142,29.37385630607605,5022.63001704216,236.65437,0,0.0,0.0,0.050009266,-5.99109411239624,0.049808975,-5.999120235443115,0.050280638,-5.9802703857421875,0.049998723,-5.991515636444092,4.357682e-05,0.0017467277,0.05,0.05,100.0,260.0,194.6,1078.84,19460.0,240.0,,716,1000,978.15,3138.5874999999996,97815,1000,
143,5,42.572624,0,143,29.367528915405273,5057.984143972397,237.49722,0,0.0,0.0,0.050009243,-5.991094589233398,0.049808417,-5.999142646789551,0.0502812,-5.980247974395752,0.049998734,-5.991515159606934,4.3671862e-05,0.001750537,0.05,0.05,100.0,260.0,199.4,1051.64,19940.0,240.0,,819,1000,990.07,1184.5651000000003,99007,1000,
144,81,42.594646,0,144,29.30317759513855,5093.255936861038,238.3365,0,0.0,0.0,0.050009213,-5.991096019744873,0.049808167,-5.999152660369873,0.050281707,-5.980227947235107,0.049998734,-5.991515159606934,4.3767086e-05,0.0017543344,0.05,0.05,100.0,260.0,202.0,1092.0,20200.0,160.0,,829,1000,993.39,697.2978999999999,99339,873,
145,17,42.54985,0,145,30.130110502243042,5129.066891670227,239.17001,0,0.0,0.0,0.050009187,-5.9910969734191895,0.0498075,-5.999179363250732,0.05028222,-5.980207443237305,0.049998734,-5.991515159606934,4.3862015e-05,0.0017581163,0.05,0.05,100.0,260.0,201.2,958.56,20120.0,220.0,,689,1000,990.44,2280.7264,99044,1000,
146,25,42.523544,0,146,29.606950998306274,5164.633535861969,239.99908,0,0.0,0.0,0.050009158,-5.991098403930664,0.049806777,-5.999208450317383,0.050282113,-5.9802117347717285,0.049998734,-5.991515159606934,4.3956556e-05,0.0017618841,0.05,0.05,100.0,260.0,199.6,1367.84,19960.0,220.0,,660,1000,976.86,3955.5204000000003,97686,992,
147,3,42.543488,0,147,29.215046405792236,5199.786296844482,240.82404,0,0.0,0.0,0.05000912,-5.991099834442139,0.04980642,-5.999222755432129,0.050281946,-5.980218410491943,0.049998734,-5.991515159606934,4.4050743e-05,0.0017656422,0.05,0.05,100.0,260.0,199.6,1095.84,19960.0,240.0,,723,1000,988.15,2322.5874999999996,98815,1000,
148,9,42.54638,0,148,28.43592619895935,5234.210214614868,241.64388,0,0.0,0.0,0.05000909,-5.991100788116455,0.049806435,-5.999222278594971,0.05028181,-5.980223655700684,0.049998734,-5.991515159606934,4.4144694e-05,0.0017694117,0.05,0.05,100.0,260.0,199.4,1371.6399999999994,19940.0,240.0,,764,1000,983.29,2351.1858999999995,98329,1000,
149,4,42.584587,0,149,29.227394104003906,5269.397458314896,242.46179,0,0.0,0.0,0.050009057,-5.99110221862793,0.049806517,-5.999218940734863,0.05028167,-5.980229377746582,0.049998745,-5.991514682769775,4.4238925e-05,0.001773172,0.05,0.05,100.0,280.0,204.0,1488.0,20400.0,260.0,,717,1000,987.28,1942.6215999999997,98728,1000,
150,2,42.591114,0,150,29.084795475006104,5304.463230848312,243.27596,0,0.0,0.0,0.05000904,-5.991103172302246,0.04980584,-5.999246120452881,0.050281648,-5.980230331420898,0.04999877,-5.991513729095459,4.433293e-05,0.0017769249,0.05,0.05,0.0,300.0,198.0,1916.0,19800.0,260.0,,565,1000,979.7,4767.890000000001,97970,1000,
151,18,42.556602,0,151,29.320888996124268,5339.729978322983,244.0883,0,0.0,0.0,0.050009012,-5.9911041259765625,0.049804676,-5.999292850494385,0.050282076,-5.980213165283203,0.04999877,-5.991513729095459,4.4426746e-05,0.0017806774,0.05,0.05,100.0,260.0,202.2,1023.1599999999999,20220.0,220.0,,784,1000,992.94,1062.2563999999998,99294,1000,
152,23,42.582184,0,152,29.330472707748413,5375.099502801895,244.89474,0,0.0,0.0,0.050008982,-5.991105079650879,0.049803037,-5.999358654022217,0.050282232,-5.9802069664001465,0.04999877,-5.991513729095459,4.452055e-05,0.0017844137,0.05,0.05,100.0,260.0,203.8,1317.56,20380.0,220.0,,791,1000,989.61,1121.8579,98961,1000,
153,22,42.589336,0,153,28.713971376419067,5409.945838928223,245.69743,0,0.0,0.0,0.050008964,-5.991106033325195,0.049801994,-5.999400615692139,0.050282378,-5.980201244354248,0.049998783,-5.991513252258301,4.4613957e-05,0.0017881399,0.05,0.05,60.0,260.0,198.8,1574.56,19880.0,220.0,,548,1000,974.81,5906.413900000001,97481,1000,
154,38,42.56936,0,154,28.72406029701233,5444.682786464691,246.49722,0,0.0,0.0,0.050008945,-5.9911065101623535,0.049800947,-5.9994425773620605,0.05028234,-5.980202674865723,0.04999877,-5.991513729095459,4.4707107e-05,0.0017918544,0.05,0.05,20.0,260.0,193.0,1595.0,19300.0,200.0,,758,1000,987.04,1629.2184000000002,98704,1000,
155,6,42.53153,0,155,28.10244870185852,5478.862233400345,247.29315,0,0.0,0.0,0.05000892,-5.991107940673828,0.049800057,-5.999478340148926,0.05028216,-5.980209827423096,0.049998783,-5.991513252258301,4.4799966e-05,0.0017955416,0.05,0.05,80.0,260.0,193.8,1749.56,19380.0,240.0,,537,1000,974.69,6678.233899999999,97469,1000,
156,16,42.594097,0,156,29.225075244903564,5514.151715993881,248.08545,0,0.0,0.0,0.050008893,-5.9911088943481445,0.0497992,-5.999512672424316,0.050281648,-5.980230331420898,0.049998783,-5.991513252258301,4.4892142e-05,0.0017992134,0.05,0.05,40.0,260.0,196.0,1616.0,19600.0,220.0,,660,1000,975.15,4433.367500000001,97515,1000,
157,7,42.52584,0,157,28.3812472820282,5548.567002773285,248.87442,0,0.0,0.0,0.050008863,-5.991109848022461,0.04979869,-5.999533176422119,0.050280973,-5.980257034301758,0.049998794,-5.991512775421143,4.498393e-05,0.0018028867,0.05,0.05,40.0,280.0,194.0,1732.0,19400.0,240.0,,729,1000,984.7,2874.1300000000006,98470,1000,
158,22,42.58989,0,158,28.701979398727417,5583.9595992565155,249.65907,0,0.0,0.0,0.05000883,-5.9911112785339355,0.04979805,-5.999558925628662,0.05028058,-5.9802727699279785,0.049998783,-5.991513252258301,4.5075765e-05,0.0018065604,0.05,0.05,80.0,280.0,200.0,1680.0,20000.0,220.0,,566,1000,973.04,5403.578400000001,97304,1000,
159,24,42.54596,0,159,29.370331525802612,5619.28489112854,250.44122,0,0.0,0.0,0.0500088,-5.99111270904541,0.049797848,-5.999567031860352,0.050280098,-5.980291843414307,0.049998783,-5.991513252258301,4.5167602e-05,0.0018102505,0.05,0.05,80.0,260.0,203.4,1392.44,20340.0,220.0,,552,1000,988.39,2797.8579000000004,98839,1000,
160,22,42.557644,0,160,28.9553325176239,5654.295430660248,251.2202,0,0.0,0.0,0.05000878,-5.991113185882568,0.049797505,-5.9995808601379395,0.05027939,-5.980319976806641,0.04999877,-5.991513729095459,4.525985e-05,0.0018139151,0.05,0.05,100.0,260.0,193.6,1687.0399999999997,19360.0,220.0,,701,1000,978.44,3452.946400000001,97844,1000,
161,50,42.56401,0,161,28.717021942138672,5688.964789152145,251.9934,0,0.0,0.0,0.05000876,-5.991114139556885,0.049796876,-5.999606132507324,0.05027878,-5.980344295501709,0.04999877,-5.991513729095459,4.5351462e-05,0.0018175866,0.05,0.05,0.0,260.0,198.2,2136.7599999999993,19820.0,200.0,,598,1000,971.22,6181.471599999998,97122,1000,
162,29,42.60536,0,162,29.438116550445557,5724.53981924057,252.76433,0,0.0,0.0,0.05000872,-5.991115570068359,0.049796697,-5.999613285064697,0.05027792,-5.9803786277771,0.04999877,-5.991513729095459,4.5443252e-05,0.0018212564,0.05,0.05,0.0,280.0,195.4,2806.839999999999,19540.0,220.0,,500,1000,975.95,5789.567499999997,97595,1000,
163,7,42.530716,0,163,29.440192222595215,5759.989335536957,253.53096,0,0.0,0.0,0.050008703,-5.991116523742676,0.04979684,-5.999607563018799,0.050276767,-5.980424404144287,0.04999877,-5.991513729095459,4.553499e-05,0.0018249091,0.05,0.05,80.0,280.0,191.6,2425.44,19160.0,240.0,,604,1000,982.59,3940.401900000001,98259,1000,
164,43,42.564102,0,164,28.785038709640503,5794.67849946022,254.29692,0,0.0,0.0,0.050008684,-5.991117477416992,0.04979667,-5.999614238739014,0.05027605,-5.980453014373779,0.04999877,-5.991513729095459,4.5626308e-05,0.0018285485,0.05,0.05,0.0,260.0,188.4,2409.44,18840.0,200.0,,680,1000,971.96,5243.4784,97196,1000,
165,6,42.59085,0,165,28.422985553741455,5829.05454993248,255.05888,0,0.0,0.0,0.050008662,-5.99111795425415,0.049796887,-5.999605655670166,0.050275605,-5.980470657348633,0.04999877,-5.991513729095459,4.571729e-05,0.0018321689,0.05,0.05,0.0,260.0,192.4,2366.2400000000007,19240.0,240.0,,652,1000,973.91,4968.981900000002,97391,1000,
166,25,42.543446,0,166,28.211400985717773,5863.195923805237,255.81943,0,0.0,0.0,0.05000865,-5.991118431091309,0.049797267,-5.9995903968811035,0.05027655,-5.980432987213135,0.049998783,-5.991513252258301,4.5807796e-05,0.0018358009,0.05,0.05,20.0,300.0,192.8,2524.16,19280.0,220.0,,586,1000,971.61,6002.3579,97161,1000,
167,73,42.563843,0,167,28.766845226287842,5897.912362337112,256.58017,0,0.0,0.0,0.05000861,-5.991120338439941,0.049797278,-5.999589920043945,0.05027746,-5.980396747589111,0.049998783,-5.991513252258301,4.5898596e-05,0.0018394184,0.05,0.05,40.0,260.0,191.8,1992.7599999999993,19180.0,160.0,,669,1000,972.82,4879.3276000000005,97282,842,
168,19,42.54167,0,168,27.90141010284424,5931.391338825226,257.33902,0,0.0,0.0,0.05000859,-5.9911208152771,0.04979724,-5.99959135055542,0.050278626,-5.980350494384766,0.049998783,-5.991513252258301,4.5989033e-05,0.0018430271,0.05,0.05,20.0,280.0,194.4,2152.6399999999994,19440.0,220.0,,439,1000,970.74,8238.792400000002,97074,1000,
169,21,42.562443,0,169,29.009458541870117,5966.330471277237,258.09344,0,0.0,0.0,0.05000857,-5.991121768951416,0.049796827,-5.999608039855957,0.05027944,-5.980318069458008,0.049998794,-5.991512775421143,4.607924e-05,0.0018466576,0.05,0.05,0.0,260.0,195.0,2051.0,19500.0,220.0,,743,1000,984.98,2368.4195999999997,98498,1000,
170,1,42.592995,0,170,28.168527603149414,6000.425500869751,258.84653,0,0.0,0.0,0.05000855,-5.991122722625732,0.04979616,-5.999634742736816,0.050279774,-5.980304718017578,0.049998794,-5.991512775421143,4.617e-05,0.001850287,0.05,0.05,0.0,260.0,195.0,2003.0,19500.0,260.0,,701,1000,973.9,3771.990000000001,97390,1000,
171,5,42.548985,0,171,29.431577682495117,6035.793751478195,259.5978,0,0.0,0.0,0.050008517,-5.991124153137207,0.049795426,-5.999664306640625,0.05028041,-5.980279445648193,0.04999881,-5.991512298583984,4.626073e-05,0.0018538864,0.05,0.05,0.0,280.0,195.2,2216.9600000000005,19520.0,240.0,,699,1000,985.87,2519.0931,98587,1000,
172,69,42.548206,0,172,29.178281545639038,6070.9378299713135,260.34744,0,0.0,0.0,0.050008506,-5.991124153137207,0.04979426,-5.999711036682129,0.05028101,-5.980255603790283,0.04999881,-5.991512298583984,4.6350717e-05,0.0018574982,0.05,0.05,100.0,280.0,208.0,1352.0,20800.0,180.0,,704,1000,984.53,2520.9891000000007,98453,1000,
173,9,42.54425,0,173,28.044724702835083,6104.994710683823,261.0938,0,0.0,0.0,0.050008472,-5.991125583648682,0.049793098,-5.999757766723633,0.050281275,-5.980245113372803,0.04999882,-5.991511821746826,4.6441004e-05,0.0018611054,0.05,0.05,80.0,260.0,202.4,1482.2400000000007,20240.0,240.0,,563,1000,968.22,6566.171600000001,96822,1000,
174,23,42.54918,0,174,29.180992364883423,6140.1245901584625,261.83807,0,0.0,0.0,0.050008453,-5.991126537322998,0.049791794,-5.999810218811035,0.0502818,-5.980224132537842,0.04999882,-5.991511821746826,4.6531182e-05,0.0018646955,0.05,0.05,80.0,280.0,196.4,1771.0399999999995,19640.0,220.0,,597,1000,979.72,3832.2616000000016,97972,1000,
175,77,42.575176,0,175,28.84985613822937,6174.916264295578,262.57675,0,0.0,0.0,0.05000843,-5.9911274909973145,0.049790595,-5.999858379364014,0.050282422,-5.980199337005615,0.04999882,-5.991511821746826,4.662093e-05,0.0018682623,0.05,0.05,0.0,260.0,194.4,2504.64,19440.0,160.0,,739,1000,985.11,2126.2579,98511,911,
176,71,42.53732,0,176,29.02123785018921,6210.346524477005,263.3125,0,0.0,0.0,0.0500084,-5.991128444671631,0.049789574,-5.999899387359619,0.050283432,-5.980159282684326,0.04999882,-5.991511821746826,4.6710094e-05,0.0018718316,0.05,0.05,0.0,280.0,194.6,2838.8399999999992,19460.0,180.0,,451,1000,978.01,5753.229900000001,97801,1000,
177,6,42.52044,0,177,29.11698818206787,6245.386212348938,264.0453,0,0.0,0.0,0.05000838,-5.991129398345947,0.049788516,-5.999941825866699,0.05028419,-5.980129241943359,0.04999882,-5.991511821746826,4.6799323e-05,0.0018754124,0.05,0.05,20.0,280.0,197.0,2323.0,19700.0,240.0,,505,1000,980.79,6037.685900000002,98079,1000,
178,5,42.54868,0,178,28.83384680747986,6280.186691045761,264.77322,0,0.0,0.0,0.050008353,-5.991130352020264,0.04978758,-5.999979496002197,0.050284497,-5.980116844177246,0.04999883,-5.991511344909668,4.6888843e-05,0.0018789888,0.05,0.05,0.0,260.0,201.6,2245.4399999999996,20160.0,240.0,,653,1000,977.6,4843.68,97760,1000,
179,8,42.545666,0,179,29.43318009376526,6315.6543300151825,265.49652,0,0.0,0.0,0.050008327,-5.99113130569458,0.049786154,-6.000036716461182,0.05028467,-5.980110168457031,0.04999883,-5.991511344909668,4.697825e-05,0.0018825653,0.05,0.05,20.0,280.0,203.2,1973.7599999999998,20320.0,240.0,,742,1000,984.37,2916.7731000000013,98437,1000,
180,44,42.563236,0,180,28.98120427131653,6350.895794630051,266.21335,0,0.0,0.0,0.050008304,-5.9911322593688965,0.049784813,-6.000090599060059,0.050284944,-5.980099201202393,0.04999882,-5.991511821746826,4.706766e-05,0.0018861351,0.05,0.05,40.0,260.0,190.2,2603.9600000000005,19020.0,200.0,,561,1000,975.64,6413.7704,97564,1000,
181,7,42.577682,0,181,28.798529863357544,6385.81142783165,266.92682,0,0.0,0.0,0.05000828,-5.991133689880371,0.049783662,-6.000136852264404,0.05028528,-5.980085849761963,0.04999883,-5.991511344909668,4.71569e-05,0.0018897163,0.05,0.05,0.0,260.0,193.4,2808.4399999999996,19340.0,240.0,,660,1000,985.16,3160.5144,98516,1000,
182,19,42.5297,0,182,29.008477926254272,6420.988028764725,267.6366,0,0.0,0.0,0.050008263,-5.991134166717529,0.049782474,-6.000184535980225,0.050285567,-5.980074405670166,0.04999882,-5.991511821746826,4.7246427e-05,0.0018932911,0.05,0.05,0.0,260.0,189.6,2707.8399999999992,18960.0,220.0,,592,1000,970.33,7307.061099999999,97033,1000,
183,1,42.54644,0,183,27.832545518875122,6454.767924070358,268.34384,0,0.0,0.0,0.05000823,-5.991135597229004,0.04978122,-6.000235080718994,0.050286405,-5.980041027069092,0.049998842,-5.99151086807251,4.7335794e-05,0.0018968473,0.05,0.05,20.0,260.0,187.2,2972.160000000001,18720.0,260.0,,458,1000,958.8,8140.98,95880,1000,
184,24,42.555912,0,184,27.898584365844727,6488.612868309021,269.04776,0,0.0,0.0,0.050008208,-5.991136074066162,0.04977998,-6.000284671783447,0.050287195,-5.98000955581665,0.049998842,-5.99151086807251,4.74247e-05,0.0019003898,0.05,0.05,0.0,280.0,183.2,3045.76,18320.0,220.0,,723,1000,977.83,3525.6811000000002,97783,1000,
185,19,42.564342,0,185,29.587930917739868,6524.187889814377,269.75125,0,0.0,0.0,0.050008185,-5.9911370277404785,0.04977945,-6.000306129455566,0.050287902,-5.979981422424316,0.049998842,-5.99151086807251,4.751326e-05,0.0019039318,0.05,0.05,80.0,260.0,187.8,2255.16,18780.0,220.0,,612,1000,975.47,5574.729099999997,97547,1000,
186,62,42.563484,0,186,29.450546264648438,6559.557161808014,270.4519,0,0.0,0.0,0.050008167,-5.991137981414795,0.04977913,-6.000319004058838,0.050288156,-5.979971408843994,0.049998853,-5.991510391235352,4.7601803e-05,0.0019074586,0.05,0.05,0.0,260.0,188.8,3050.5600000000004,18880.0,180.0,,657,1000,983.42,3928.0436,98342,818,
187,2,42.546173,0,187,29.789262056350708,6594.890768766403,271.15332,0,0.0,0.0,0.050008148,-5.991138458251953,0.04977857,-6.000341415405273,0.050288215,-5.979969024658203,0.049998853,-5.991510391235352,4.7689973e-05,0.0019109766,0.05,0.05,0.0,280.0,202.6,1773.2400000000007,20260.0,260.0,,739,1000,984.93,2297.1251,98493,1000,
188,6,42.563354,0,188,29.535406827926636,6630.3571836948395,271.85086,0,0.0,0.0,0.050008103,-5.991140365600586,0.049778048,-6.000362396240234,0.050288226,-5.979968547821045,0.049998842,-5.99151086807251,4.7777918e-05,0.0019144766,0.05,0.05,0.0,280.0,192.6,2317.2400000000007,19260.0,240.0,,459,1000,979.53,5859.8091,97953,1000,
189,36,42.57209,0,189,28.31044292449951,6664.602566719055,272.54788,0,0.0,0.0,0.05000808,-5.991141319274902,0.049777396,-6.0003886222839355,0.050288334,-5.979964256286621,0.049998853,-5.991510391235352,4.7865415e-05,0.0019179687,0.05,0.05,100.0,280.0,209.6,1531.84,20960.0,220.0,,653,1000,984.64,4187.7304,98464,1000,
190,55,42.560402,0,190,29.711674690246582,6700.246927022934,273.24725,0,0.0,0.0,0.050008044,-5.991142749786377,0.049776554,-6.000422477722168,0.0502883,-5.979965686798096,0.049998865,-5.991509914398193,4.795271e-05,0.0019214574,0.05,0.05,100.0,260.0,203.4,1360.44,20340.0,200.0,,920,1000,995.98,232.2796,99598,1000,
191,5,42.53931,0,191,29.815629720687866,6735.999365329742,273.94437,0,0.0,0.0,0.050008032,-5.991143226623535,0.049775958,-6.000446319580078,0.050289065,-5.979935169219971,0.049998853,-5.991510391235352,4.8039925e-05,0.0019249477,0.05,0.05,60.0,260.0,199.4,1523.6399999999994,19940.0,240.0,,733,1000,986.13,2296.3931000000007,98613,1000,
192,7,42.51543,0,192,29.053263902664185,6771.012718200684,274.63922,0,0.0,0.0,0.050008006,-5.991144180297852,0.049775697,-6.000456809997559,0.050289847,-5.9799041748046875,0.049998876,-5.991509437561035,4.812718e-05,0.0019284419,0.05,0.05,20.0,260.0,197.2,1968.1599999999996,19720.0,240.0,,714,1000,979.85,3112.3675000000007,97985,1000,
193,1,42.58002,0,193,29.391574144363403,6806.363036394119,275.33337,0,0.0,0.0,0.05000799,-5.991145133972168,0.049775187,-6.000477313995361,0.050290674,-5.9798712730407715,0.049998876,-5.991509437561035,4.8214537e-05,0.0019319196,0.05,0.05,80.0,260.0,195.2,1952.9600000000005,19520.0,260.0,,717,1000,984.5,2927.91,98450,1000,
194,25,42.543343,0,194,29.33178687095642,6842.389776229858,276.02667,0,0.0,0.0,0.05000797,-5.991145610809326,0.049775083,-6.000481605529785,0.0502909,-5.979862213134766,0.049998876,-5.991509437561035,4.8301477e-05,0.0019353842,0.05,0.05,40.0,260.0,194.6,2254.84,19460.0,220.0,,692,1000,972.58,5575.983600000002,97258,1000,
195,28,42.586388,0,195,30.004873991012573,6878.320114612579,276.7165,0,0.0,0.0,0.050007936,-5.991147041320801,0.049775034,-6.000483512878418,0.050291106,-5.979854106903076,0.049998876,-5.991509437561035,4.8388087e-05,0.001938845,0.05,0.05,100.0,260.0,204.8,1312.96,20480.0,220.0,,768,1000,990.34,1304.5644,99034,1000,
196,53,42.530594,0,196,28.98409652709961,6913.281487703323,277.40594,0,0.0,0.0,0.050007895,-5.991148948669434,0.049774867,-6.000490188598633,0.050291117,-5.979853630065918,0.04999889,-5.991508960723877,4.84746e-05,0.0019422994,0.05,0.05,100.0,260.0,202.8,1720.16,20280.0,200.0,,711,1000,983.82,3031.607599999999,98382,1000,
197,56,42.522842,0,197,29.876922130584717,6949.115989923477,278.09384,0,0.0,0.0,0.050007887,-5.991148948669434,0.049774807,-6.000492572784424,0.050291285,-5.979846954345703,0.04999889,-5.991508960723877,4.8560956e-05,0.0019457389,0.05,0.05,100.0,280.0,209.6,1243.84,20960.0,200.0,,738,1000,992.28,1070.3016000000002,99228,1000,
198,27,42.520386,0,198,29.322891235351562,6984.372332811356,278.77856,0,0.0,0.0,0.05000786,-5.99114990234375,0.049774654,-6.0004987716674805,0.050291155,-5.979852199554443,0.04999889,-5.991508960723877,4.8646943e-05,0.0019491602,0.05,0.05,60.0,280.0,204.0,1648.0,20400.0,220.0,,758,1000,992.61,1289.3778999999997,99261,1000,
199,59,42.530323,0,199,29.11669921875,7019.433627843857,279.46,0,0.0,0.0,0.05000785,-5.991150379180908,0.049774796,-6.000493049621582,0.05029101,-5.979857921600342,0.0499989,-5.991508483886719,4.8732472e-05,0.0019525865,0.05,0.05,60.0,260.0,207.6,1190.2399999999998,20760.0,200.0,,660,1000,988.2,2338.4,98820,1000,
200,36,42.58522,0,200,29.83090853691101,7055.220190525055,280.13763,0,0.0,0.0,0.050007824,-5.991151809692383,0.049774703,-6.000496864318848,0.050291177,-5.979851245880127,0.049998913,-5.9915080070495605,4.8818125e-05,0.001956002,0.05,0.05,100.0,280.0,209.6,1131.84,20960.0,220.0,,728,1000,989.84,1333.6944000000005,98984,1000,
201,4,42.514877,0,201,29.70253586769104,7090.870576381683,280.8126,0,0.0,0.0,0.05000781,-5.991152286529541,0.049774405,-6.000508785247803,0.050291047,-5.979856491088867,0.049998913,-5.9915080070495605,4.8903512e-05,0.0019593989,0.05,0.05,120.0,280.0,208.8,826.56,20880.0,240.0,,736,1000,993.44,884.9463999999996,99344,1000,
202,6,42.578854,0,202,28.82038164138794,7125.615792512894,281.48523,0,0.0,0.0,0.050007775,-5.991153717041016,0.049773786,-6.000533580780029,0.050290972,-5.979859352111816,0.049998913,-5.9915080070495605,4.898843e-05,0.0019627886,0.05,0.05,100.0,280.0,202.6,1469.2400000000007,20260.0,240.0,,718,1000,980.53,3531.6891000000005,98053,1000,
203,55,42.53799,0,203,29.06368637084961,7160.613555192947,282.15482,0,0.0,0.0,0.050007757,-5.991154193878174,0.049773123,-6.000560283660889,0.050291084,-5.979855060577393,0.0499989,-5.991508483886719,4.9073165e-05,0.0019661726,0.05,0.05,80.0,280.0,207.6,1310.2399999999998,20760.0,200.0,,724,1000,988.54,1799.6284,98854,1000,
204,8,42.56519,0,204,29.745060205459595,7196.319242477417,282.81882,0,0.0,0.0,0.050007746,-5.991154670715332,0.049772624,-6.000580310821533,0.050291285,-5.979846954345703,0.049998913,-5.9915080070495605,4.9157763e-05,0.0019695782,0.05,0.05,40.0,260.0,208.4,1513.44,20840.0,240.0,,548,1000,991.96,2363.4584,99196,1000,
205,1,42.562286,0,205,30.268681287765503,7232.530694723129,283.48135,0,0.0,0.0,0.050007727,-5.991155624389648,0.049771816,-6.000612735748291,0.050291512,-5.979837894439697,0.049998913,-5.9915080070495605,4.92429e-05,0.0019729843,0.05,0.05,100.0,260.0,200.6,1323.64,20060.0,260.0,,799,1000,993.96,707.7783999999999,99396,1000,
206,9,42.555172,0,206,28.657129764556885,7267.229411840439,284.1405,0,0.0,0.0,0.0500077,-5.991156578063965,0.049771164,-6.000638961791992,0.050291885,-5.979823112487793,0.049998913,-5.9915080070495605,4.932805e-05,0.0019763755,0.05,0.05,80.0,280.0,206.6,1400.44,20660.0,240.0,,653,1000,982.5,3719.15,98250,1000,
207,55,42.549213,0,207,28.31175446510315,7301.451277732849,284.79498,0,0.0,0.0,0.050007675,-5.991157531738281,0.04977051,-6.000665187835693,0.050292425,-5.979801654815674,0.049998913,-5.9915080070495605,4.941282e-05,0.0019797692,0.05,0.05,80.0,260.0,206.2,1517.56,20620.0,200.0,,611,1000,981.71,3841.8459,98171,1000,
208,9,42.546223,0,208,28.59209680557251,7336.146872997284,285.4486,0,0.0,0.0,0.050007656,-5.991158485412598,0.049770225,-6.00067663192749,0.05029275,-5.979788780212402,0.049998913,-5.9915080070495605,4.9497663e-05,0.0019831543,0.05,0.05,100.0,260.0,209.4,1227.6400000000003,20940.0,240.0,,741,1000,980.92,3066.073599999999,98092,1000,
209,2,42.523567,0,209,29.351874828338623,7371.588940620422,286.099,0,0.0,0.0,0.05000764,-5.991158962249756,0.049769904,-6.000689506530762,0.050292928,-5.979781627655029,0.049998928,-5.991507530212402,4.958228e-05,0.0019865232,0.05,0.05,100.0,280.0,210.0,1236.0,21000.0,260.0,,740,1000,988.08,1771.3736000000001,98808,1000,
210,4,42.56745,0,210,30.21830153465271,7407.754024028778,286.74973,0,0.0,0.0,0.050007623,-5.991159915924072,0.0497703,-6.000673770904541,0.05029283,-5.979785442352295,0.04999894,-5.991507053375244,4.96665e-05,0.0019898904,0.05,0.05,100.0,280.0,216.2,1029.5600000000002,21620.0,260.0,,845,1000,994.2,675.5999999999999,99420,1000,
211,1,42.53089,0,211,29.682727813720703,7444.0490617752075,287.39944,0,0.0,0.0,0.050007597,-5.991160869598389,0.049770582,-6.000662326812744,0.05029246,-5.979800224304199,0.04999894,-5.991507053375244,4.9750673e-05,0.0019932617,0.05,0.05,100.0,260.0,201.6,1069.44,20160.0,260.0,,781,1000,993.0,917.66,99300,1000,
212,66,42.537403,0,212,29.820491552352905,7479.791859865189,288.04657,0,0.0,0.0,0.050007578,-5.991161346435547,0.04977068,-6.0006585121154785,0.05029203,-5.9798173904418945,0.04999894,-5.991507053375244,4.983495e-05,0.001996624,0.05,0.05,100.0,280.0,213.0,1323.0,21300.0,200.0,,829,1000,993.36,645.3303999999999,99336,1000,
213,75,42.564766,0,213,29.30709481239319,7515.029078006744,288.6909,0,0.0,0.0,0.05000756,-5.991162300109863,0.04977107,-6.000642776489258,0.050291464,-5.97983980178833,0.04999894,-5.991507053375244,4.991901e-05,0.001999981,0.05,0.05,100.0,280.0,208.8,1330.56,20880.0,180.0,,815,1000,993.4,756.3999999999999,99340,1000,
214,82,42.56877,0,214,30.332886934280396,7551.334298372269,289.3314,0,0.0,0.0,0.05000753,-5.99116325378418,0.04977125,-6.000635623931885,0.0502904,-5.97988224029541,0.04999895,-5.991506576538086,5.0002924e-05,0.0020033338,0.05,0.05,100.0,260.0,209.8,1131.9599999999998,20980.0,180.0,,828,1000,997.74,302.1323999999999,99774,1000,
215,22,42.545498,0,215,29.520946979522705,7586.844159603119,289.9735,0,0.0,0.0,0.050007503,-5.991164207458496,0.04977126,-6.000635147094727,0.050289366,-5.979923248291016,0.04999895,-5.991506576538086,5.0086743e-05,0.002006661,0.05,0.05,100.0,260.0,200.0,1528.0,20000.0,220.0,,650,1000,994.92,1272.7336000000003,99492,1000,
216,2,42.55805,0,216,29.635788440704346,7622.4601521492,290.61234,0,0.0,0.0,0.05000747,-5.991165637969971,0.04977145,-6.000627517700195,0.05028853,-5.97995662689209,0.04999896,-5.991506099700928,5.0169918e-05,0.0020099871,0.05,0.05,120.0,280.0,211.6,1001.44,21160.0,260.0,,926,1000,997.26,163.03240000000002,99726,1000,
217,9,42.570152,0,217,29.269471883773804,7657.741864204407,291.25073,0,0.0,0.0,0.050007463,-5.991166114807129,0.049771283,-6.00063419342041,0.050288025,-5.979976654052734,0.04999896,-5.991506099700928,5.025307e-05,0.0020133096,0.05,0.05,100.0,280.0,202.2,1575.16,20220.0,240.0,,708,1000,984.88,2702.825600000001,98488,1000,
218,62,42.532112,0,218,30.01132345199585,7693.756123304367,291.88748,0,0.0,0.0,0.050007444,-5.991166591644287,0.049771,-6.000645637512207,0.050287507,-5.979997158050537,0.04999896,-5.991506099700928,5.0336126e-05,0.0020166235,0.05,0.05,120.0,260.0,209.6,987.84,20960.0,200.0,,869,1000,996.17,343.9810999999999,99617,1000,
219,31,42.51973,0,219,30.497095584869385,7730.241802930832,292.51978,0,0.0,0.0,0.050007425,-5.9911675453186035,0.04977126,-6.000635147094727,0.050287005,-5.980017185211182,0.04999896,-5.991506099700928,5.0418974e-05,0.0020199236,0.05,0.05,60.0,280.0,208.2,1672.7599999999998,20820.0,220.0,,654,1000,993.78,1424.3516000000006,99378,1000,
220,32,42.59873,0,220,30.31631565093994,7766.537847995758,293.1514,0,0.0,0.0,0.050007395,-5.99116849899292,0.04977131,-6.000633239746094,0.05028654,-5.980035781860352,0.04999896,-5.991506099700928,5.0501476e-05,0.0020232208,0.05,0.05,100.0,280.0,207.8,1719.16,20780.0,220.0,,648,1000,988.13,3253.7730999999994,98813,1000,
221,1,42.55074,0,221,30.42281436920166,7802.941354036331,293.77982,0,0.0,0.0,0.050007373,-5.991169452667236,0.04977176,-6.000615119934082,0.050285615,-5.980072498321533,0.049998973,-5.9915056228637695,5.05839e-05,0.002026523,0.05,0.05,100.0,260.0,211.0,1171.0,21100.0,260.0,,898,1000,997.32,155.5976,99732,1000,
222,35,42.543995,0,222,30.29041314125061,7839.206632614136,294.40894,0,0.0,0.0,0.050007354,-5.991170406341553,0.049772374,-6.0005903244018555,0.050284714,-5.980108261108398,0.049998973,-5.9915056228637695,5.066646e-05,0.0020298273,0.05,0.05,100.0,260.0,208.0,1392.0,20800.0,220.0,,810,1000,993.75,662.1275,99375,1000,
223,9,42.54852,0,223,29.8322651386261,7874.99604678154,295.03635,0,0.0,0.0,0.05000734,-5.991170883178711,0.049771365,-6.000630855560303,0.050283935,-5.980139255523682,0.049998984,-5.991505146026611,5.0749066e-05,0.002033122,0.05,0.05,100.0,260.0,203.2,1845.7599999999998,20320.0,240.0,,738,1000,992.96,1151.8784000000003,99296,1000,
224,2,42.538166,0,224,29.373107194900513,7910.617051124573,295.66135,0,0.0,0.0,0.05000731,-5.9911723136901855,0.04977038,-6.000670433044434,0.050282698,-5.980188369750977,0.049998973,-5.9915056228637695,5.0831426e-05,0.002036416,0.05,0.05,100.0,280.0,204.8,1728.9600000000005,20480.0,260.0,,807,1000,993.6,628.4199999999998,99360,1000,
225,31,42.571323,0,225,29.626286029815674,7946.308230876923,296.28452,0,0.0,0.0,0.05000729,-5.991172790527344,0.049769584,-6.000702381134033,0.05028174,-5.980226516723633,0.049998973,-5.9915056228637695,5.0913783e-05,0.002039717,0.05,0.05,100.0,260.0,206.2,1557.56,20620.0,220.0,,749,1000,994.95,936.0075,99495,1000,
226,1,42.541534,0,226,29.124368906021118,7981.709923505783,296.90567,0,0.0,0.0,0.050007258,-5.991174221038818,0.04976852,-6.0007452964782715,0.050280903,-5.980259895324707,0.049998973,-5.9915056228637695,5.0996307e-05,0.002043005,0.05,0.05,100.0,260.0,212.2,1103.1599999999999,21220.0,260.0,,808,1000,992.31,868.9339000000003,99231,1000,
227,36,42.54224,0,227,29.8586266040802,8017.528155326843,297.52396,0,0.0,0.0,0.050007235,-5.991175174713135,0.04976719,-6.00079870223999,0.050280303,-5.980283737182617,0.049998973,-5.9915056228637695,5.1078507e-05,0.0020462826,0.05,0.05,100.0,260.0,213.2,1065.7600000000002,21320.0,220.0,,864,1000,995.67,455.3210999999998,99567,1000,
228,9,42.592556,0,228,30.13344144821167,8054.311575651169,298.14035,0,0.0,0.0,0.050007213,-5.991176128387451,0.049766216,-6.000837802886963,0.050280027,-5.980294704437256,0.049998973,-5.9915056228637695,5.116045e-05,0.002049549,0.05,0.05,100.0,260.0,208.2,1120.7600000000002,20820.0,240.0,,850,1000,994.16,509.49440000000004,99416,1000,
229,28,42.55722,0,229,30.557576894760132,8090.812589406967,298.75766,0,0.0,0.0,0.050007183,-5.991177082061768,0.049765293,-6.000874996185303,0.05028006,-5.980293273925781,0.049998984,-5.991505146026611,5.1242107e-05,0.0020528126,0.05,0.05,100.0,260.0,209.4,939.6400000000001,20940.0,220.0,,925,1000,998.57,90.84509999999999,99857,1000,
230,9,42.570194,0,230,30.61231780052185,8127.364467144012,299.37338,0,0.0,0.0,0.050007176,-5.991177558898926,0.049763963,-6.0009284019470215,0.05027992,-5.98029899597168,0.049998973,-5.9915056228637695,5.1323696e-05,0.0020560836,0.05,0.05,100.0,280.0,199.4,1675.6399999999994,19940.0,240.0,,836,1000,994.42,533.3636000000001,99442,1000,
231,29,42.57352,0,231,30.144428968429565,8163.472320556641,299.9863,0,0.0,0.0,0.050007153,-5.991178512573242,0.04976279,-6.000975608825684,0.050280172,-5.980288982391357,0.049998973,-5.9915056228637695,5.1405474e-05,0.0020593381,0.05,0.05,100.0,280.0,203.6,1659.0399999999995,20360.0,220.0,,787,1000,996.08,530.4135999999999,99608,1000,
232,7,42.586197,0,232,31.53051495552063,8200.944984912872,300.6009,0,0.0,0.0,0.050007124,-5.991179466247559,0.049761698,-6.001019477844238,0.050280016,-5.980295181274414,0.049998984,-5.991505146026611,5.1486837e-05,0.0020625773,0.05,0.05,100.0,260.0,206.4,1223.0400000000002,20640.0,240.0,,866,1000,997.12,245.2455999999999,99712,1000,
233,54,42.56888,0,233,29.673308849334717,8236.568985700607,301.21365,0,0.0,0.0,0.0500071,-5.991180419921875,0.049760982,-6.0010480880737305,0.05028041,-5.980279445648193,0.049998984,-5.991505146026611,5.156781e-05,0.002065823,0.05,0.05,100.0,260.0,205.4,1254.84,20540.0,200.0,,740,1000,992.97,1353.8090999999997,99297,1000,
234,41,42.56347,0,234,30.096245288848877,8272.727180957794,301.8246,0,0.0,0.0,0.050007083,-5.991181373596191,0.04976051,-6.001067161560059,0.050282113,-5.9802117347717285,0.049998984,-5.991505146026611,5.1648956e-05,0.0020690816,0.05,0.05,120.0,300.0,216.8,1189.7600000000004,21680.0,220.0,,773,1000,997.44,513.7864,99744,1000,
235,10,42.54428,0,235,30.255483865737915,8308.983621835709,302.43332,0,0.0,0.0,0.050007075,-5.991181373596191,0.049759906,-6.001091480255127,0.050283745,-5.980146884918213,0.049998995,-5.991504669189453,5.173042e-05,0.0020723287,0.05,0.05,100.0,260.0,210.6,1203.64,21060.0,240.0,,695,1000,992.96,1374.0584,99296,1000,
236,1,42.506653,0,236,29.294515371322632,8344.270976305008,303.0418,0,0.0,0.0,0.050007064,-5.99118185043335,0.049759064,-6.001125335693359,0.05028534,-5.980083465576172,0.049998995,-5.991504669189453,5.18116e-05,0.0020755571,0.05,0.05,100.0,260.0,203.2,1197.7600000000002,20320.0,260.0,,774,1000,992.37,1088.3731,99237,1000,
237,2,42.57129,0,237,29.25897479057312,8379.652360916138,303.6485,0,0.0,0.0,0.05000703,-5.991183280944824,0.049758136,-6.001162528991699,0.050286703,-5.980029106140137,0.04999901,-5.991504192352295,5.1892308e-05,0.0020787972,0.05,0.05,100.0,280.0,209.2,1075.36,20920.0,260.0,,809,1000,994.15,704.4275000000002,99415,1000,
238,64,42.569603,0,238,29.732272624969482,8415.45141172409,304.25134,0,0.0,0.0,0.05000701,-5.991184234619141,0.049757756,-6.001177787780762,0.050287843,-5.979983806610107,0.04999902,-5.991503715515137,5.197331e-05,0.0020820464,0.05,0.05,100.0,280.0,211.2,1314.56,21120.0,200.0,,898,1000,996.56,244.36639999999997,99656,1000,
239,24,42.546955,0,239,29.10220170021057,8450.67806482315,304.85184,0,0.0,0.0,0.05000699,-5.991185188293457,0.0497572,-6.001200199127197,0.050288804,-5.979945659637451,0.04999901,-5.991504192352295,5.2054533e-05,0.0020852913,0.05,0.05,80.0,260.0,201.4,1794.0399999999995,20140.0,220.0,,679,1000,983.93,3333.6451,98393,1000,
240,28,42.532154,0,240,30.25018620491028,8487.04405927658,305.44876,0,0.0,0.0,0.050006963,-5.991186141967773,0.04975669,-6.001220703125,0.05028956,-5.979915618896484,0.04999902,-5.991503715515137,5.2135663e-05,0.0020885179,0.05,0.05,100.0,280.0,207.0,1363.0,20700.0,220.0,,761,1000,994.16,994.9344,99416,1000,
241,5,42.5695,0,241,30.093673706054688,8523.02863240242,306.0444,0,0.0,0.0,0.050006934,-5.99118709564209,0.04975623,-6.00123929977417,0.050289955,-5.979899883270264,0.049999032,-5.9915032386779785,5.2216317e-05,0.0020917307,0.05,0.05,100.0,260.0,204.6,1150.84,20460.0,240.0,,763,1000,991.93,981.4650999999998,99193,1000,
242,7,42.542507,0,242,29.827401876449585,8558.767758131027,306.63986,0,0.0,0.0,0.050006907,-5.991188049316406,0.049755644,-6.001262664794922,0.050290458,-5.979879856109619,0.049999032,-5.9915032386779785,5.2296633e-05,0.00209494,0.05,0.05,100.0,260.0,199.6,1567.84,19960.0,240.0,,791,1000,991.15,888.0075,99115,1000,
243,39,42.54688,0,243,29.739975690841675,8594.505332708359,307.23163,0,0.0,0.0,0.050006907,-5.991188049316406,0.04975559,-6.001265048980713,0.050290734,-5.9798688888549805,0.049999032,-5.9915032386779785,5.237687e-05,0.0020981408,0.05,0.05,100.0,260.0,197.0,1475.0,19700.0,200.0,,822,1000,990.6,868.14,99060,1000,
244,76,42.561302,0,244,28.828901529312134,8629.210812091827,307.81842,0,0.0,0.0,0.050006885,-5.991189002990723,0.04975515,-6.001282691955566,0.050291512,-5.979837894439697,0.049999032,-5.9915032386779785,5.245688e-05,0.0021013333,0.05,0.05,100.0,280.0,208.0,1200.0,20800.0,180.0,,637,1000,991.2,2113.2000000000007,99120,1000,
245,79,42.582394,0,245,29.664808988571167,8665.498009204865,308.40277,0,0.0,0.0,0.050006848,-5.991190433502197,0.04975472,-6.001299858093262,0.050292484,-5.979799270629883,0.049999043,-5.99150276184082,5.2536696e-05,0.0021045145,0.05,0.05,100.0,260.0,213.8,1109.56,21380.0,180.0,,909,1000,994.31,376.3139,99431,1000,
246,24,42.545963,0,246,29.807310819625854,8701.314414739609,308.98907,0,0.0,0.0,0.050006833,-5.991191387176514,0.049754497,-6.001308917999268,0.05029335,-5.979764938354492,0.049999032,-5.9915032386779785,5.2616222e-05,0.0021076857,0.05,0.05,60.0,260.0,207.0,1163.0,20700.0,220.0,,509,1000,986.19,3720.5339000000004,98619,1000,
247,25,42.566,0,247,29.690616607666016,8736.84106040001,309.5727,0,0.0,0.0,0.05000681,-5.991191864013672,0.04975472,-6.001299858093262,0.05029458,-5.979715824127197,0.049999032,-5.9915032386779785,5.2695494e-05,0.0021108484,0.05,0.05,140.0,260.0,212.2,631.16,21220.0,220.0,,822,1000,990.12,1047.6856,99012,1000,
248,7,42.585354,0,248,30.129199028015137,8772.926818609238,310.15018,0,0.0,0.0,0.05000679,-5.991192817687988,0.04975504,-6.00128698348999,0.050295375,-5.979684352874756,0.049999032,-5.9915032386779785,5.2774565e-05,0.0021140089,0.05,0.05,100.0,260.0,208.8,970.5600000000002,20880.0,240.0,,914,1000,997.96,132.19839999999996,99796,1000,
249,49,42.545925,0,249,29.638736486434937,8808.58019733429,310.72617,0,0.0,0.0,0.050006784,-5.9911932945251465,0.049755372,-6.0012736320495605,0.050296273,-5.979648590087891,0.049999043,-5.99150276184082,5.2853575e-05,0.0021171782,0.05,0.05,100.0,260.0,204.8,1136.96,20480.0,200.0,,739,1000,988.79,1855.2458999999997,98879,1000,
250,31,42.555374,0,250,30.37933921813965,8845.04176068306,311.30023,0,0.0,0.0,0.05000675,-5.991194725036621,0.04975567,-6.0012617111206055,0.05029715,-5.979613780975342,0.049999043,-5.99150276184082,5.2932806e-05,0.0021203205,0.05,0.05,100.0,260.0,204.6,1550.84,20460.0,220.0,,877,1000,995.21,351.7259,99521,1000,
251,59,42.560745,0,251,30.46500849723816,8881.594844341278,311.8738,0,0.0,0.0,0.050006736,-5.991195201873779,0.049756095,-6.00124454498291,0.050297484,-5.979600429534912,0.04999907,-5.991501808166504,5.3011365e-05,0.0021234506,0.05,0.05,100.0,260.0,204.2,1394.3600000000006,20420.0,200.0,,638,1000,990.5,2324.21,99050,1000,
252,9,42.55095,0,252,29.90990686416626,8917.586308956146,312.44528,0,0.0,0.0,0.05000672,-5.9911956787109375,0.049756464,-6.001229763031006,0.05029746,-5.9796013832092285,0.04999907,-5.991501808166504,5.3089618e-05,0.002126575,0.05,0.05,80.0,260.0,210.2,1395.9600000000005,21020.0,240.0,,742,1000,989.61,1834.7379000000003,98961,1000,
253,49,42.562656,0,253,29.611434936523438,8953.252740859985,313.01147,0,0.0,0.0,0.050006706,-5.991196155548096,0.049757022,-6.00120735168457,0.05029897,-5.979541301727295,0.04999906,-5.991502285003662,5.3167725e-05,0.002129699,0.05,0.05,60.0,260.0,198.8,1750.56,19880.0,200.0,,612,1000,980.77,3833.9370999999996,98077,1000,
254,7,42.559807,0,254,28.679458618164062,8987.859642744064,313.5781,0,0.0,0.0,0.050006673,-5.99119758605957,0.04975738,-6.001193046569824,0.05030046,-5.979482173919678,0.049999043,-5.99150276184082,5.324582e-05,0.0021327997,0.05,0.05,100.0,280.0,201.6,1725.44,20160.0,240.0,,655,1000,987.62,2505.575599999999,98762,1000,
255,1,42.561474,0,255,29.800580501556396,9023.505975484848,314.14304,0,0.0,0.0,0.05000666,-5.9911980628967285,0.049758103,-6.001163959503174,0.05030191,-5.979424476623535,0.04999906,-5.991502285003662,5.332334e-05,0.002135894,0.05,0.05,100.0,260.0,199.4,1395.6399999999994,19940.0,260.0,,711,1000,993.26,1088.0924,99326,1000,
256,9,42.540943,0,256,29.517646551132202,9058.911266565323,314.70703,0,0.0,0.0,0.050006658,-5.9911980628967285,0.04975911,-6.001123428344727,0.05030306,-5.979378700256348,0.04999906,-5.991502285003662,5.3400698e-05,0.0021389753,0.05,0.05,60.0,260.0,204.8,1352.9600000000003,20480.0,240.0,,592,1000,988.63,2518.5130999999997,98863,1000,
257,53,42.541744,0,257,30.11130976676941,9094.917821884155,315.26868,0,0.0,0.0,0.05000663,-5.991199493408203,0.049760226,-6.0010786056518555,0.050304092,-5.979337692260742,0.04999906,-5.991502285003662,5.3477725e-05,0.002142051,0.05,0.05,100.0,260.0,205.0,1403.0,20500.0,200.0,,913,1000,997.01,170.20989999999995,99701,1000,
258,28,42.54663,0,258,29.628458261489868,9130.472945451736,315.8296,0,0.0,0.0,0.05000661,-5.9912004470825195,0.04976128,-6.001036167144775,0.050304633,-5.979316234588623,0.04999906,-5.991502285003662,5.355462e-05,0.002145112,0.05,0.05,60.0,260.0,208.6,1242.0400000000002,20860.0,220.0,,735,1000,992.22,1396.6916000000006,99222,1000,
259,22,42.53105,0,259,29.803006649017334,9166.157666921616,316.38913,0,0.0,0.0,0.05000659,-5.991200923919678,0.049762066,-6.001004695892334,0.050305422,-5.979284763336182,0.04999906,-5.991502285003662,5.3631138e-05,0.0021481635,0.05,0.05,140.0,260.0,210.8,723.36,21080.0,220.0,,721,1000,996.14,825.5604000000004,99614,1000,
260,2,42.568302,0,260,29.835265159606934,9201.97937822342,316.94717,0,0.0,0.0,0.05000658,-5.991201400756836,0.049763095,-6.00096321105957,0.050306264,-5.979251384735107,0.049999043,-5.99150276184082,5.3707427e-05,0.0021512136,0.05,0.05,100.0,280.0,201.8,1432.7599999999998,20180.0,260.0,,760,1000,990.62,1759.7555999999997,99062,1000,
261,52,42.538982,0,261,30.102125644683838,9238.031696081161,317.50504,0,0.0,0.0,0.050006554,-5.991202354431152,0.049763843,-6.0009331703186035,0.050306756,-5.979231834411621,0.049999043,-5.99150276184082,5.378368e-05,0.0021542644,0.05,0.05,100.0,280.0,205.8,1194.36,20580.0,200.0,,818,1000,992.49,947.3098999999999,99249,1000,
262,69,42.571655,0,262,30.551440954208374,9275.178646802902,318.06058,0,0.0,0.0,0.050006535,-5.991203308105469,0.049764484,-6.0009074211120605,0.05030739,-5.979206562042236,0.049999032,-5.9915032386779785,5.3859945e-05,0.0021573235,0.05,0.05,100.0,260.0,204.2,1218.36,20420.0,180.0,,751,1000,992.75,1306.0075,99275,1000,
263,56,42.622307,0,263,29.847830533981323,9311.03362417221,318.6145,0,0.0,0.0,0.05000654,-5.9912028312683105,0.049765244,-6.0008769035339355,0.05030829,-5.979170799255371,0.04999902,-5.991503715515137,5.3936423e-05,0.0021603853,0.05,0.05,20.0,260.0,206.0,1772.0,20600.0,200.0,,666,1000,990.92,1716.0136000000002,99092,1000,
264,6,42.570072,0,264,30.207127332687378,9347.135859251022,319.1689,0,0.0,0.0,0.050006524,-5.991203784942627,0.049766053,-6.000844478607178,0.05030901,-5.979142189025879,0.04999902,-5.991503715515137,5.4012966e-05,0.0021634519,0.05,0.05,100.0,260.0,202.4,1458.2400000000007,20240.0,240.0,,710,1000,982.5,3147.85,98250,1000,
265,43,42.534992,0,265,30.210078477859497,9383.248587608337,319.72076,0,0.0,0.0,0.050006486,-5.991205215454102,0.049767118,-6.0008015632629395,0.0503096,-5.979118824005127,0.049999032,-5.9915032386779785,5.408963e-05,0.0021665117,0.05,0.05,100.0,280.0,199.2,1311.3600000000004,19920.0,200.0,,819,1000,992.95,834.1275,99295,1000,
266,23,42.533154,0,266,29.53130602836609,9418.89757680893,320.26764,0,0.0,0.0,0.05000648,-5.991205215454102,0.0497679,-6.000770092010498,0.050310113,-5.979098320007324,0.04999902,-5.991503715515137,5.416613e-05,0.0021695646,0.05,0.05,20.0,260.0,199.0,1403.0,19900.0,220.0,,703,1000,990.91,1726.1219,99091,1000,
267,49,42.570145,0,267,29.21977400779724,9454.233096122742,320.81433,0,0.0,0.0,0.050006445,-5.991206645965576,0.049767368,-6.000791549682617,0.050310723,-5.979074001312256,0.04999902,-5.991503715515137,5.424245e-05,0.0021726112,0.05,0.05,100.0,260.0,202.4,1394.2400000000007,20240.0,200.0,,727,1000,987.47,2388.3491000000004,98747,1000,
268,57,42.513096,0,268,29.8917396068573,9490.240169525146,321.36176,0,0.0,0.0,0.05000643,-5.991207122802734,0.04976644,-6.000828742980957,0.05031082,-5.97907018661499,0.04999902,-5.991503715515137,5.431861e-05,0.0021756683,0.05,0.05,40.0,300.0,204.8,1928.9600000000005,20480.0,200.0,,518,1000,989.65,2689.7075,98965,1000,
269,7,42.53592,0,269,29.32316303253174,9525.607850074768,321.90997,0,0.0,0.0,0.050006412,-5.991208076477051,0.049766086,-6.000843048095703,0.050310966,-5.979064464569092,0.04999901,-5.991504192352295,5.4395037e-05,0.0021787283,0.05,0.05,100.0,260.0,201.2,1894.56,20120.0,240.0,,748,1000,983.56,2550.7464,98356,1000,
270,32,42.580894,0,270,29.854130506515503,9561.38705420494,322.45477,0,0.0,0.0,0.05000639,-5.991209030151367,0.049765065,-6.000884056091309,0.05031134,-5.9790496826171875,0.04999901,-5.991504192352295,5.4471537e-05,0.0021818017,0.05,0.05,20.0,260.0,200.2,2227.9600000000005,20020.0,220.0,,647,1000,992.03,1755.2691,99203,1000,
271,1,42.577995,0,271,29.87168836593628,9597.361367464066,322.9983,0,0.0,0.0,0.05000637,-5.991209506988525,0.04976407,-6.000924110412598,0.050311603,-5.979039192199707,0.04999901,-5.991504192352295,5.4548374e-05,0.0021848588,0.05,0.05,100.0,280.0,202.8,1808.16,20280.0,280.0,,756,1000,993.07,1296.4250999999997,99307,1000,
272,32,42.56818,0,272,29.92741847038269,9633.190471172333,323.54025,0,0.0,0.0,0.050006364,-5.991209983825684,0.04976273,-6.000977993011475,0.050311554,-5.97904109954834,0.04999902,-5.991503715515137,5.46248e-05,0.002187916,0.05,0.05,20.0,260.0,204.8,1576.9600000000005,20480.0,220.0,,743,1000,991.84,1224.4144000000003,99184,1000,
273,58,42.57343,0,273,29.46167492866516,9668.549745082855,324.08047,0,0.0,0.0,0.050006334,-5.991211414337158,0.049761184,-6.001039981842041,0.050311144,-5.979057312011719,0.04999901,-5.991504192352295,5.470123e-05,0.0021909627,0.05,0.05,100.0,280.0,205.0,1707.0,20500.0,200.0,,683,1000,991.26,1539.1324,99126,1000,
274,7,42.588203,0,274,30.565301656723022,9705.011633872986,324.61862,0,0.0,0.0,0.050006315,-5.991211891174316,0.049760036,-6.001086235046387,0.050310377,-5.979087829589844,0.04999902,-5.991503715515137,5.4777396e-05,0.0021940079,0.05,0.05,80.0,260.0,206.0,1532.0,20600.0,240.0,,871,1000,996.64,271.9504,99664,1000,
275,71,42.540707,0,275,29.817613124847412,9740.773179292679,325.1528,0,0.0,0.0,0.050006304,-5.991212368011475,0.04975899,-6.001128196716309,0.050309766,-5.979112148284912,0.049999032,-5.9915032386779785,5.485352e-05,0.0021970521,0.05,0.05,80.0,280.0,190.6,2051.6399999999994,19060.0,160.0,,585,1000,980.38,4784.555599999999,98038,1000,
276,6,42.55492,0,276,28.863114595413208,9775.527018547058,325.6852,0,0.0,0.0,0.050006285,-5.991213321685791,0.049758565,-6.001145362854004,0.05030968,-5.9791154861450195,0.049999032,-5.9915032386779785,5.4929627e-05,0.0022000757,0.05,0.05,0.0,280.0,206.2,1805.5600000000004,20620.0,240.0,,358,1000,983.37,6010.873099999998,98337,1000,
277,2,42.498943,0,277,29.91955065727234,9811.483468294144,326.2195,0,0.0,0.0,0.050006256,-5.991214275360107,0.049757946,-6.0011701583862305,0.050309274,-5.979131698608398,0.049999032,-5.9915032386779785,5.500522e-05,0.0022030906,0.05,0.05,100.0,280.0,204.4,1156.64,20440.0,260.0,,690,1000,990.9,1794.9699999999998,99090,1000,
278,18,42.57413,0,278,29.267056465148926,9846.830786705017,326.7538,0,0.0,0.0,0.050006237,-5.991215229034424,0.04975718,-6.001201152801514,0.050308567,-5.979159832000732,0.049999032,-5.9915032386779785,5.5080596e-05,0.0022060806,0.05,0.05,100.0,260.0,194.2,1354.3600000000004,19420.0,220.0,,758,1000,992.04,1062.6384,99204,1000,
279,20,42.580368,0,279,29.280723094940186,9882.858145236969,327.28702,0,0.0,0.0,0.05000622,-5.991215705871582,0.049756452,-6.001230239868164,0.050307725,-5.979193210601807,0.049999043,-5.99150276184082,5.5155346e-05,0.0022090648,0.05,0.05,40.0,280.0,192.6,1853.2400000000007,19260.0,220.0,,624,1000,986.08,3396.1736000000005,98608,1000,
280,1,42.5465,0,280,29.696332454681396,9918.570855617523,327.816,0,0.0,0.0,0.050006203,-5.99121618270874,0.04975542,-6.001271724700928,0.05030727,-5.979211330413818,0.049999043,-5.99150276184082,5.522995e-05,0.0022120522,0.05,0.05,100.0,260.0,199.2,1239.36,19920.0,260.0,,827,1000,993.18,809.2876000000002,99318,1000,
281,22,42.54751,0,281,29.732916831970215,9954.269522428513,328.3423,0,0.0,0.0,0.050006192,-5.991216659545898,0.049754422,-6.001311779022217,0.050306913,-5.9792256355285645,0.04999906,-5.991502285003662,5.5304634e-05,0.0022150425,0.05,0.05,100.0,260.0,203.6,1059.0400000000002,20360.0,220.0,,840,1000,992.07,770.0451,99207,1000,
282,25,42.58627,0,282,29.67805290222168,9989.91342306137,328.86905,0,0.0,0.0,0.050006174,-5.991217613220215,0.049753964,-6.001330375671387,0.050306685,-5.97923469543457,0.049999043,-5.99150276184082,5.5379387e-05,0.0022180274,0.05,0.05,100.0,280.0,201.2,1454.56,20120.0,220.0,,818,1000,994.93,596.4450999999999,99493,1000,
283,23,42.523197,0,283,28.91337251663208,10024.795276641846,329.39423,0,0.0,0.0,0.05000615,-5.991218566894531,0.049753476,-6.001349925994873,0.050306216,-5.97925329208374,0.049999043,-5.99150276184082,5.545401e-05,0.0022210116,0.05,0.05,40.0,280.0,200.0,1552.0,20000.0,220.0,,714,1000,989.78,2054.751599999999,98978,1000,
284,28,42.53054,0,284,29.209237098693848,10059.939378738403,329.9166,0,0.0,0.0,0.050006147,-5.991218566894531,0.049752966,-6.001370429992676,0.050306097,-5.979258060455322,0.049999043,-5.99150276184082,5.5528613e-05,0.0022239876,0.05,0.05,100.0,280.0,200.6,1627.6399999999994,20060.0,220.0,,795,1000,993.27,946.3971,99327,1000,
285,8,42.566586,0,285,29.364903926849365,10095.251090049744,330.43872,0,0.0,0.0,0.05000612,-5.991219520568848,0.049752433,-6.001391887664795,0.050308745,-5.979152679443359,0.049999043,-5.99150276184082,5.5603017e-05,0.0022269718,0.05,0.05,100.0,260.0,201.4,1570.0399999999995,20140.0,240.0,,762,1000,990.85,1431.8075,99085,1000,
286,5,42.57816,0,286,29.437286138534546,10130.626599788666,330.95917,0,0.0,0.0,0.050006106,-5.991220474243164,0.049752384,-6.001393795013428,0.050311193,-5.979055404663086,0.049999043,-5.99150276184082,5.5677618e-05,0.0022299485,0.05,0.05,100.0,280.0,195.4,1774.84,19540.0,240.0,,718,1000,988.18,2058.0676000000003,98818,1000,
287,5,42.562904,0,287,29.504631519317627,10166.055587530136,331.47867,0,0.0,0.0,0.050006106,-5.991220474243164,0.049751293,-6.001437664031982,0.050313506,-5.978963375091553,0.049999043,-5.99150276184082,5.5752036e-05,0.0022329187,0.05,0.05,0.0,260.0,191.8,1856.7599999999993,19180.0,240.0,,766,1000,988.08,1591.1936,98808,1000,
288,1,42.565628,0,288,29.582987546920776,10201.597844362259,331.99792,0,0.0,0.0,0.050006088,-5.991220951080322,0.04974956,-6.00150728225708,0.050315488,-5.978884696960449,0.04999906,-5.991502285003662,5.5826287e-05,0.0022358936,0.05,0.05,0.0,260.0,196.2,2101.5600000000004,19620.0,260.0,,811,1000,994.19,765.7538999999997,99419,1000,
289,44,42.561356,0,289,29.709518671035767,10237.635246276855,332.5166,0,0.0,0.0,0.050006073,-5.9912214279174805,0.049748268,-6.001559257507324,0.050316878,-5.978829383850098,0.049999043,-5.99150276184082,5.590066e-05,0.002238868,0.05,0.05,20.0,280.0,191.8,2640.7599999999993,19180.0,200.0,,740,1000,991.96,1149.8184000000006,99196,1000,
290,66,42.518623,0,290,28.734499216079712,10272.313537597656,333.03604,0,0.0,0.0,0.050006043,-5.991222858428955,0.04974707,-6.001607418060303,0.050318282,-5.978773593902588,0.049999032,-5.9915032386779785,5.597502e-05,0.0022418427,0.05,0.05,100.0,280.0,200.2,1595.9600000000005,20020.0,180.0,,679,1000,985.9,2900.709999999998,98590,956,
291,11,42.538406,0,291,29.530935764312744,10307.689900398254,333.55206,0,0.0,0.0,0.050006032,-5.991223335266113,0.04974579,-6.001658916473389,0.050319627,-5.978720188140869,0.049999032,-5.9915032386779785,5.604938e-05,0.0022448031,0.05,0.05,100.0,280.0,201.2,1822.56,20120.0,240.0,,770,1000,992.73,985.4370999999998,99273,1000,
292,1,42.567524,0,292,29.794424533843994,10343.434091329575,334.0657,0,0.0,0.0,0.050006,-5.991224765777588,0.049744602,-6.001706600189209,0.050320756,-5.978675365447998,0.049999032,-5.9915032386779785,5.612339e-05,0.0022477529,0.05,0.05,100.0,260.0,208.0,1016.0,20800.0,280.0,,805,1000,994.99,699.2898999999999,99499,1000,
293,8,42.5751,0,293,29.593170642852783,10378.97075676918,334.57892,0,0.0,0.0,0.050005965,-5.9912261962890625,0.04974394,-6.001733303070068,0.050321616,-5.978641033172607,0.049999032,-5.9915032386779785,5.6197125e-05,0.0022506912,0.05,0.05,20.0,280.0,196.6,1936.4399999999996,19660.0,240.0,,735,1000,990.43,1317.4250999999995,99043,1000,
294,4,42.588943,0,294,29.41235375404358,10414.338944911957,335.08997,0,0.0,0.0,0.050005957,-5.9912261962890625,0.04974351,-6.001750469207764,0.050322182,-5.978618621826172,0.049999043,-5.99150276184082,5.6270583e-05,0.0022536523,0.05,0.05,100.0,260.0,197.2,944.1599999999999,19720.0,240.0,,741,1000,987.41,1710.7619,98741,1000,
295,49,42.56796,0,295,30.17285394668579,10450.70230460167,335.60315,0,0.0,0.0,0.050005928,-5.991227626800537,0.04974305,-6.001769065856934,0.05032235,-5.978611946105957,0.049999043,-5.99150276184082,5.634461e-05,0.0022566193,0.05,0.05,100.0,280.0,201.8,1384.7599999999993,20180.0,200.0,,879,1000,995.32,500.1775999999999,99532,1000,
296,5,42.58058,0,296,29.668511390686035,10487.042760372162,336.117,0,0.0,0.0,0.050005917,-5.991227626800537,0.049742434,-6.00179386138916,0.0503223,-5.97861385345459,0.049999043,-5.99150276184082,5.6418783e-05,0.002259578,0.05,0.05,0.0,260.0,198.6,1770.0399999999995,19860.0,240.0,,684,1000,991.8,1857.64,99180,1000,
297,23,42.539433,0,297,30.074585676193237,10523.05841422081,336.62766,0,0.0,0.0,0.050005905,-5.991228103637695,0.04974184,-6.00181770324707,0.050322097,-5.978621959686279,0.049999043,-5.99150276184082,5.6492754e-05,0.0022625194,0.05,0.05,100.0,260.0,195.4,1734.84,19540.0,220.0,,865,1000,993.98,471.2796000000001,99398,1000,
298,6,42.545937,0,298,29.990484476089478,10558.964012861252,337.14053,0,0.0,0.0,0.050005905,-5.991228103637695,0.049741495,-6.001831531524658,0.0503218,-5.978633880615234,0.04999906,-5.991502285003662,5.6566285e-05,0.002265465,0.05,0.05,100.0,260.0,198.8,1190.56,19880.0,240.0,,833,1000,994.88,617.7855999999997,99488,1000,
299,19,42.541782,0,299,29.201512813568115,10594.071039676666,337.65152,0,0.0,0.0,0.050005883,-5.991229057312012,0.049741354,-6.001837253570557,0.05032188,-5.978630542755127,0.04999906,-5.991502285003662,5.6639925e-05,0.0022684091,0.05,0.05,100.0,260.0,198.4,1189.4399999999996,19840.0,220.0,,748,1000,990.59,1864.1218999999994,99059,1000,
